MSSubClass,LotArea,OverallQual,OverallCond,YearBuilt,YearRemodAdd,1stFlrSF,GrLivArea,FullBath,BedroomAbvGr,KitchenAbvGr,TotRmsAbvGrd,MoSold,YrSold,SalePrice
60,8450,7,5,2003,2003,856,1710,2,3,1,8,2,2008,208500
20,9600,6,8,1976,1976,1262,1262,2,3,1,6,5,2007,181500
60,11250,7,5,2001,2002,920,1786,2,3,1,6,9,2008,223500
70,9550,7,5,1915,1970,961,1717,1,3,1,7,2,2006,140000
60,14260,8,5,2000,2000,1145,2198,2,4,1,9,12,2008,250000
50,14115,5,5,1993,1995,796,1362,1,1,1,5,10,2009,143000
20,10084,8,5,2004,2005,1694,1694,2,3,1,7,8,2007,307000
60,10382,7,6,1973,1973,1107,2090,2,3,1,7,11,2009,200000
50,6120,7,5,1931,1950,1022,1774,2,2,2,8,4,2008,129900
190,7420,5,6,1939,1950,1077,1077,1,2,2,5,1,2008,118000
20,11200,5,5,1965,1965,1040,1040,1,3,1,5,2,2008,129500
60,11924,9,5,2005,2006,1182,2324,3,4,1,11,7,2006,345000
20,12968,5,6,1962,1962,912,912,1,2,1,4,9,2008,144000
20,10652,7,5,2006,2007,1494,1494,2,3,1,7,8,2007,279500
20,10920,6,5,1960,1960,1253,1253,1,2,1,5,5,2008,157000
45,6120,7,8,1929,2001,854,854,1,2,1,5,7,2007,132000
20,11241,6,7,1970,1970,1004,1004,1,2,1,5,3,2010,149000
90,10791,4,5,1967,1967,1296,1296,2,2,2,6,10,2006,90000
20,13695,5,5,2004,2004,1114,1114,1,3,1,6,6,2008,159000
20,7560,5,6,1958,1965,1339,1339,1,3,1,6,5,2009,139000
60,14215,8,5,2005,2006,1158,2376,3,4,1,9,11,2006,325300
45,7449,7,7,1930,1950,1108,1108,1,3,1,6,6,2007,139400
20,9742,8,5,2002,2002,1795,1795,2,3,1,7,9,2008,230000
120,4224,5,7,1976,1976,1060,1060,1,3,1,6,6,2007,129900
20,8246,5,8,1968,2001,1060,1060,1,3,1,6,5,2010,154000
20,14230,8,5,2007,2007,1600,1600,2,3,1,7,7,2009,256300
20,7200,5,7,1951,2000,900,900,1,3,1,5,5,2010,134800
20,11478,8,5,2007,2008,1704,1704,2,3,1,7,5,2010,306000
20,16321,5,6,1957,1997,1600,1600,1,2,1,6,12,2006,207500
30,6324,4,6,1927,1950,520,520,1,1,1,4,5,2008,68500
70,8500,4,4,1920,1950,649,1317,1,3,1,6,7,2008,40000
20,8544,5,6,1966,2006,1228,1228,1,3,1,6,6,2008,149350
20,11049,8,5,2007,2007,1234,1234,2,3,1,7,1,2008,179900
20,10552,5,5,1959,1959,1700,1700,1,4,1,6,4,2010,165500
120,7313,9,5,2005,2005,1561,1561,2,2,1,6,8,2007,277500
60,13418,8,5,2004,2005,1132,2452,3,4,1,9,9,2006,309000
20,10859,5,5,1994,1995,1097,1097,1,3,1,6,6,2009,145000
20,8532,5,6,1954,1990,1297,1297,1,3,1,5,10,2009,153000
20,7922,5,7,1953,2007,1057,1057,1,3,1,5,1,2010,109000
90,6040,4,5,1955,1955,1152,1152,2,2,2,6,6,2008,82000
20,8658,6,5,1965,1965,1324,1324,2,3,1,6,12,2006,160000
20,16905,5,6,1959,1959,1328,1328,1,2,1,5,7,2007,170000
85,9180,5,7,1983,1983,884,884,1,2,1,5,12,2007,144000
20,9200,5,6,1975,1980,938,938,1,3,1,5,7,2008,130250
20,7945,5,6,1959,1959,1150,1150,1,3,1,6,5,2006,141000
120,7658,9,5,2005,2005,1752,1752,2,2,1,6,2,2010,319900
50,12822,7,5,2003,2003,1518,2149,1,1,1,6,8,2009,239686
20,11096,8,5,2006,2006,1656,1656,2,3,1,7,7,2007,249700
190,4456,4,5,1920,2008,736,1452,2,2,3,8,6,2009,113000
20,7742,5,7,1966,1966,955,955,1,3,1,6,1,2007,127000
60,13869,6,6,1997,1997,794,1470,2,3,1,6,7,2007,177000
50,6240,6,6,1934,1950,816,1176,1,3,1,6,9,2006,114500
90,8472,5,5,1963,1963,816,816,1,2,1,5,5,2010,110000
20,50271,9,5,1981,1987,1842,1842,0,0,1,5,11,2006,385000
80,7134,5,5,1955,1955,1360,1360,1,3,1,6,2,2007,130000
20,10175,6,5,1964,1964,1425,1425,2,3,1,7,7,2008,180500
160,2645,8,5,1999,2000,983,1739,2,3,1,7,8,2009,172500
60,11645,7,5,2004,2004,860,1720,2,3,1,7,8,2006,196500
60,13682,10,5,2006,2006,1426,2945,3,3,1,10,10,2006,438780
20,7200,5,7,1972,1972,780,780,1,2,1,4,1,2008,124900
20,13072,6,5,2004,2004,1158,1158,1,3,1,5,5,2006,158000
75,7200,5,7,1920,1996,581,1111,1,3,1,6,3,2007,101000
120,6442,8,5,2006,2006,1370,1370,2,2,1,6,10,2007,202500
70,10300,7,6,1921,1950,902,1710,2,3,1,9,4,2010,140000
60,9375,7,5,1997,1998,1057,2034,2,3,1,8,2,2009,219500
60,9591,8,5,2004,2005,1143,2473,2,4,1,9,10,2007,317000
20,19900,7,5,1970,1989,2207,2207,2,3,1,7,7,2010,180000
20,10665,7,5,2003,2003,1479,1479,2,3,1,7,6,2007,226000
30,4608,4,6,1945,1950,747,747,1,2,1,4,6,2010,80000
50,15593,7,4,1953,1953,1304,2287,2,3,1,7,7,2006,225000
20,13651,7,6,1973,1973,2223,2223,2,3,1,8,2,2007,244000
20,7599,4,6,1982,2006,845,845,1,2,1,4,6,2007,129500
60,10141,7,5,1998,1998,885,1718,2,3,1,7,12,2009,185000
20,10200,5,7,1954,2003,1086,1086,1,3,1,6,5,2010,144900
50,5790,3,6,1915,1950,840,1605,2,3,2,8,5,2010,107400
180,1596,4,5,1973,1973,526,988,1,2,1,5,11,2009,91000
20,8475,4,7,1956,1956,952,952,1,2,1,4,4,2008,135750
50,8635,5,5,1948,2001,1072,1285,1,2,1,6,1,2008,127000
90,10778,4,5,1968,1968,1768,1768,2,4,2,8,4,2010,136500
50,10440,5,6,1910,1981,682,1230,1,2,1,5,5,2009,110000
60,13000,6,6,1968,1968,1182,2142,2,4,1,8,6,2009,193500
120,4500,6,5,1998,1998,1337,1337,2,2,1,5,3,2006,153500
20,10206,8,5,2007,2007,1563,1563,2,3,1,6,10,2008,245000
20,8892,5,5,1960,1960,1065,1065,1,3,1,6,7,2007,126500
80,8530,7,5,1995,1996,804,1474,2,3,1,7,5,2009,168500
60,16059,8,5,1991,1992,1301,2417,2,4,1,9,4,2006,260000
60,11911,6,5,2005,2005,684,1560,2,3,1,6,3,2009,174000
160,3951,6,5,2009,2009,612,1224,2,2,1,4,6,2009,164500
50,8470,3,2,1915,1982,1013,1526,1,2,1,6,10,2009,85000
20,8070,4,5,1994,1995,990,990,1,3,1,5,8,2007,123600
20,7200,4,5,1950,1950,1040,1040,1,2,1,4,7,2006,109900
20,8500,5,3,1961,1961,1235,1235,1,2,1,6,12,2006,98600
30,13360,5,7,1921,2006,964,964,1,2,1,5,8,2009,163500
190,7200,6,6,1910,1998,1260,2291,2,4,2,9,11,2007,133900
60,9337,6,5,1997,1997,905,1786,2,3,1,7,5,2007,204750
60,9765,6,8,1993,1993,680,1470,2,3,1,6,4,2009,185000
20,10264,7,5,1999,1999,1588,1588,2,3,1,6,8,2006,214000
20,10921,4,5,1965,1965,960,960,1,3,1,6,5,2007,94750
30,10625,5,5,1920,1950,835,835,1,2,1,5,5,2010,83000
20,9320,4,5,1959,1959,1225,1225,1,3,1,6,1,2010,128950
20,10603,6,7,1977,2001,1610,1610,2,3,1,6,2,2010,205000
60,9206,6,5,1985,1985,977,1732,2,3,1,7,6,2010,178000
90,7018,5,5,1979,1979,1535,1535,2,4,2,8,6,2009,118964
20,10402,7,5,2009,2009,1226,1226,2,3,1,6,5,2010,198900
50,7758,7,4,1931,1950,1226,1818,1,4,1,7,6,2007,169500
60,9375,8,5,2003,2004,1053,1992,2,3,1,9,8,2008,250000
30,10800,4,7,1885,1995,1047,1047,1,2,1,6,8,2007,100000
20,6000,5,5,1948,1950,789,789,1,2,1,5,4,2008,115000
50,8500,5,7,1919,2005,997,1517,2,3,1,7,8,2007,115000
20,11751,6,6,1977,1977,1844,1844,2,3,1,7,1,2010,190000
50,9525,6,4,1954,1972,1216,1855,2,4,1,7,10,2006,136900
80,7750,7,5,2000,2000,774,1430,2,3,1,7,4,2010,180000
60,9965,7,5,2007,2007,1282,2696,2,4,1,10,10,2007,383970
20,21000,6,5,1953,1953,2259,2259,2,3,1,7,10,2007,217000
70,7259,6,8,1945,2002,1436,2320,2,3,1,9,7,2007,259500
160,3230,6,5,1999,1999,729,1458,2,2,1,5,6,2007,176000
20,11616,5,5,1962,1962,1092,1092,1,3,1,6,9,2009,139000
20,8536,5,5,2006,2007,1125,1125,1,2,1,5,4,2007,155000
60,12376,7,5,1990,1990,1699,3222,3,5,1,11,5,2010,320000
60,8461,6,5,2005,2006,728,1456,2,3,1,8,7,2006,163990
80,21453,6,5,1969,1969,988,988,1,1,1,4,10,2006,180000
50,6060,4,5,1939,1950,772,1123,1,3,1,4,6,2007,100000
20,9464,6,7,1958,1958,1080,1080,1,3,1,5,6,2008,136000
120,7892,6,5,1993,1993,1199,1199,2,2,1,5,3,2008,153900
20,17043,6,5,1979,1998,1586,1586,2,3,1,7,1,2009,181000
190,6780,6,8,1935,1982,520,754,1,2,1,5,6,2006,84500
120,4928,6,5,1976,1976,958,958,2,2,1,5,2,2007,128000
45,4388,5,7,1930,1950,840,840,1,3,1,5,6,2007,87000
60,7590,6,5,1966,1966,660,1348,1,3,1,6,7,2006,155000
20,8973,5,7,1958,1991,1053,1053,1,3,1,6,7,2006,150000
60,14200,7,6,1966,1966,1216,2157,2,4,1,8,5,2006,226000
60,12224,6,5,2000,2000,1022,2054,2,3,1,7,7,2009,244000
20,7388,5,6,1959,2002,1327,1327,1,3,1,7,7,2007,150750
20,6853,8,5,2001,2002,1296,1296,2,2,1,6,6,2009,220000
20,10335,5,6,1968,1993,1721,1721,2,3,1,7,7,2006,180000
20,10400,7,6,1970,1970,1682,1682,2,3,1,7,5,2008,174000
20,10355,5,5,1967,1967,1214,1214,2,3,1,5,7,2007,143000
90,11070,7,5,1988,1989,1959,1959,3,5,2,9,7,2006,171000
60,9066,8,5,1999,2000,1004,1852,2,3,1,7,12,2008,230000
60,15426,6,5,1997,1997,928,1764,2,3,1,7,8,2009,231500
20,10500,4,5,1971,1971,864,864,1,3,1,5,4,2010,115000
20,11645,7,5,2005,2005,1734,1734,2,3,1,7,1,2006,260000
50,8520,5,4,1952,1952,910,1385,2,4,1,6,6,2010,166000
20,10335,7,5,1999,1999,1501,1501,2,3,1,6,6,2009,204000
90,9100,5,5,1963,1963,1728,1728,2,6,2,10,11,2006,125000
160,2522,6,5,2004,2006,970,1709,2,3,1,7,4,2006,130000
30,6120,5,7,1931,1993,875,875,1,2,1,5,11,2009,105000
60,9505,7,5,2001,2001,884,2035,2,3,1,8,5,2010,222500
20,7500,7,5,2004,2005,1080,1080,1,3,1,6,4,2008,141000
50,6240,5,4,1936,1950,896,1344,1,3,1,7,4,2006,115000
20,10356,5,6,1975,1975,969,969,1,3,1,5,1,2007,122000
20,13891,8,5,2007,2008,1710,1710,2,2,1,6,1,2008,372402
60,14803,6,5,1971,1971,1097,1993,2,4,1,8,6,2006,190000
20,13500,6,7,1960,1975,1252,1252,1,1,1,4,3,2008,235000
30,11340,6,5,1923,1950,1200,1200,1,4,1,7,3,2006,125000
50,9600,6,5,1924,1950,572,1096,1,2,1,5,4,2008,79000
20,7200,5,7,1950,1950,1040,1040,1,2,1,5,6,2006,109500
60,12003,8,5,2009,2010,774,1968,2,4,1,8,5,2010,269500
60,12552,7,5,2004,2005,991,1947,2,3,1,8,5,2010,254900
60,19378,7,5,2005,2006,1392,2462,2,4,1,9,3,2006,320000
20,11120,6,6,1984,1984,1232,1232,2,3,1,6,6,2008,162500
60,13688,9,5,2003,2004,1572,2668,2,3,1,10,3,2008,412500
20,12182,7,5,2005,2005,1541,1541,2,3,1,7,5,2010,220000
45,5500,4,6,1956,1956,882,882,1,1,1,4,4,2007,103200
40,5400,6,7,1926,2004,1149,1616,2,3,1,5,10,2007,152000
190,10106,5,7,1940,1999,808,1355,2,4,2,6,9,2008,127500
20,10708,5,5,1955,1993,1867,1867,1,2,1,7,11,2009,190000
60,10562,8,5,2007,2007,1610,2161,1,3,1,8,11,2007,325624
60,8244,7,5,2004,2004,840,1720,2,3,1,7,5,2007,183500
20,16669,8,6,1981,1981,1707,1707,2,2,1,6,1,2006,228000
50,12358,5,6,1941,1950,854,1382,1,2,1,7,5,2007,128500
20,31770,6,5,1960,1960,1656,1656,1,3,1,7,5,2010,215000
160,5306,7,7,1987,1987,1064,1767,2,2,1,5,6,2006,239000
20,10197,6,5,1961,1961,1362,1362,1,3,1,6,6,2008,163000
20,12416,6,5,1986,1986,1651,1651,2,3,1,7,11,2008,184000
20,12615,6,7,1950,2001,2158,2158,2,4,1,7,6,2007,243000
60,10029,6,5,1988,1989,1164,2060,2,4,1,8,9,2007,211000
50,13650,5,5,1958,1958,1252,1920,2,4,1,8,7,2006,172500
20,17423,9,5,2008,2009,2234,2234,2,1,1,9,7,2009,501837
30,8520,5,6,1923,2006,968,968,1,2,1,5,7,2007,100000
160,2117,6,5,2000,2000,769,1525,2,3,1,5,6,2007,177000
70,7588,7,6,1920,1950,901,1802,1,4,1,9,7,2006,200100
20,9060,5,6,1957,2006,1340,1340,1,3,1,7,6,2007,120000
50,11426,7,5,2003,2003,1362,2082,2,3,1,6,6,2008,200000
50,7438,5,8,1908,1991,936,1252,1,3,1,5,6,2006,127000
75,22950,10,9,1892,1993,1518,3608,2,4,1,12,6,2006,475000
80,9947,7,5,1990,1991,1217,1217,2,3,1,6,6,2009,173000
50,10410,5,7,1916,1987,808,1656,2,3,1,8,8,2009,135000
90,7018,5,5,1979,1979,1224,1224,0,2,2,6,6,2009,153337
120,4923,8,5,2001,2002,1593,1593,1,0,1,5,8,2008,286000
70,10570,8,8,1932,1994,1549,2727,2,3,1,10,12,2007,315000
60,7472,7,9,1972,2004,725,1479,1,4,1,7,6,2007,184000
20,9017,7,5,1999,1999,1431,1431,2,3,1,6,9,2009,192000
160,2522,7,5,2004,2004,970,1709,2,3,1,7,5,2006,130000
20,7180,5,7,1972,1972,864,864,1,3,1,5,5,2008,127000
160,2280,6,6,1976,1976,855,1456,2,3,1,7,7,2009,148500
20,9416,7,5,2007,2007,1726,1726,2,3,1,8,9,2007,311872
75,25419,8,4,1918,1990,1360,3112,2,4,1,8,3,2006,235000
75,5520,6,6,1912,1950,929,2229,1,5,1,8,7,2009,104000
20,9591,8,5,2004,2005,1713,1713,2,3,1,7,1,2009,274900
20,8546,4,5,2003,2004,1121,1121,2,2,1,5,3,2010,140000
20,10125,6,6,1977,1977,1279,1279,2,3,1,6,2,2008,171500
50,7000,6,6,1924,1950,865,1310,2,2,1,6,5,2006,112000
120,4438,6,5,2004,2004,848,848,1,1,1,3,1,2008,149000
50,3500,5,7,1947,1950,720,1284,1,2,1,5,4,2009,110000
20,11851,7,5,1990,1990,1442,1442,2,3,1,5,5,2009,180500
20,13673,5,5,1962,1962,1696,1696,1,3,1,8,3,2007,143900
20,12493,4,5,1960,1960,1100,1100,1,3,1,6,4,2008,141000
60,14364,7,5,1988,1989,1180,2062,2,3,1,7,4,2007,277000
20,8250,6,7,1964,1964,1092,1092,1,3,1,6,7,2008,145000
30,5604,5,6,1925,1950,864,864,1,2,1,5,4,2008,98000
20,10420,6,5,2009,2009,1212,1212,2,3,1,6,3,2010,186000
60,8640,7,5,2009,2009,932,1852,2,3,1,7,7,2009,252678
20,13568,5,5,1995,1995,990,990,1,3,1,5,7,2006,156000
60,10900,6,7,1977,1977,689,1392,1,3,1,6,3,2010,161750
20,10011,5,6,1957,1996,1236,1236,1,2,1,6,5,2006,134450
20,8450,7,5,2004,2004,1436,1436,2,3,1,8,4,2008,210000
70,9906,4,4,1925,1950,810,1328,1,3,1,8,9,2006,107000
50,15660,7,9,1939,2006,1137,1954,1,3,1,8,5,2008,311500
120,3010,7,5,2005,2006,1248,1248,2,2,1,5,3,2006,167240
20,8990,7,5,2006,2006,1498,1498,2,2,1,5,4,2006,204900
60,8068,6,5,2002,2002,1010,2267,2,4,1,8,12,2009,200000
60,11475,6,6,1975,1975,811,1552,2,3,1,6,2,2006,179900
20,10500,4,6,1971,1971,864,864,1,2,1,4,3,2009,97000
20,13472,10,5,2003,2003,2392,2392,2,3,1,8,6,2009,386250
160,1680,5,5,1971,1971,630,1302,2,3,1,6,5,2009,112000
60,9950,7,5,1995,1995,1214,2520,2,4,1,9,6,2007,290000
160,1869,6,6,1970,1970,483,987,1,2,1,5,9,2008,106000
20,8521,5,5,1967,1967,912,912,1,3,1,5,5,2010,125000
120,3182,7,5,2005,2006,1555,1555,2,2,1,7,5,2009,192500
20,8760,6,6,1959,1959,1194,1194,1,3,1,6,4,2010,148000
60,15138,8,5,1995,1996,1490,2794,2,4,1,9,7,2009,403000
160,1680,6,5,1972,1972,483,987,1,2,1,5,6,2006,94500
20,10650,5,6,1976,1976,894,894,1,3,1,5,2,2010,128200
60,7851,6,5,2002,2002,860,1960,2,4,1,8,5,2010,216500
160,1680,6,3,1971,1971,483,987,1,2,1,5,8,2008,89500
20,8773,7,5,2004,2004,1414,1414,2,3,1,6,5,2010,185500
60,9453,7,7,1993,2003,1014,1744,2,3,1,7,2,2010,194500
20,12030,8,5,2007,2007,1694,1694,2,3,1,7,12,2007,318000
50,8741,6,4,1945,1950,798,1487,1,3,1,7,4,2010,113000
20,9000,8,5,2008,2008,1566,1566,2,3,1,7,4,2010,262500
30,3880,5,9,1945,1997,866,866,1,2,1,4,8,2007,110500
50,5000,5,4,1900,1950,889,1440,1,3,1,6,4,2006,79000
160,10762,6,6,1980,1980,626,1217,1,3,1,6,4,2009,120000
60,8880,7,5,1994,2002,1222,2110,2,3,1,8,5,2010,205000
20,10400,7,5,1988,1988,1872,1872,2,3,1,6,6,2006,241500
190,9142,6,8,1910,1950,908,1928,2,4,2,9,4,2006,137000
20,11310,6,5,1954,1954,1375,1375,1,2,1,5,6,2006,140000
60,11317,7,5,2003,2003,840,1668,2,3,1,8,9,2007,180000
50,159000,6,7,1958,2006,1444,2144,2,4,1,7,6,2007,277000
30,5350,3,2,1940,1966,1306,1306,1,3,1,6,5,2010,76500
120,4750,8,5,2006,2007,1625,1625,2,2,1,5,12,2007,235000
60,8366,6,5,2004,2004,798,1640,2,3,1,6,12,2008,173000
80,9350,6,7,1964,1991,1302,1302,2,3,1,7,10,2007,158000
20,8400,5,6,1957,1957,1314,1314,1,3,1,5,6,2010,145000
60,8738,7,5,1999,1999,1005,2291,2,4,1,8,2,2006,230000
60,8791,6,5,2003,2003,864,1728,2,3,1,7,5,2008,207500
20,8814,7,5,2006,2006,1604,1604,2,3,1,8,3,2009,220000
60,12435,7,5,2001,2001,963,1792,2,3,1,7,5,2008,231500
20,12702,5,5,1956,1956,882,882,1,2,1,4,12,2008,97000
80,19296,6,5,1962,1962,1382,1382,1,3,1,6,5,2009,176000
60,9588,8,5,2007,2007,1482,2574,2,3,1,10,11,2007,276000
80,8471,6,7,1977,1995,1212,1212,1,3,1,6,7,2006,151000
50,5500,5,7,1929,2001,926,1316,1,3,1,6,4,2010,130000
30,5232,5,5,1925,2004,764,764,1,2,1,4,6,2008,73000
20,12090,6,6,1981,1981,1422,1422,2,3,1,7,6,2008,175500
60,11207,6,5,1997,1997,802,1511,2,3,1,8,6,2006,185000
75,8400,5,8,1939,1997,1052,2192,2,4,1,8,7,2008,179500
30,6900,5,6,1940,1955,778,778,1,2,1,4,2,2008,120500
20,7917,6,7,1976,1976,1113,1113,1,3,1,6,5,2007,148000
60,10728,8,5,2006,2006,1095,1939,2,3,1,8,8,2006,266000
20,39104,7,7,1954,2005,1363,1363,1,2,1,5,4,2008,241500
60,11764,8,7,1999,2007,1164,2270,2,4,1,9,4,2010,290000
20,9600,6,6,1958,1988,1632,1632,2,3,1,6,4,2009,139000
20,8314,5,7,1982,1982,816,816,1,2,1,5,6,2007,124500
50,7264,7,7,1925,2007,952,1548,2,3,1,5,10,2009,205000
20,9196,7,5,2003,2003,1560,1560,2,3,1,7,4,2010,201000
20,19138,4,5,1951,1951,864,864,1,2,1,4,6,2010,141000
20,14450,9,5,2006,2007,2121,2121,2,3,1,8,5,2007,415298
60,10005,7,5,1977,1977,1156,2022,2,4,1,8,3,2008,192000
60,11287,7,6,1989,1989,1175,1982,2,3,1,7,1,2007,228500
20,7200,6,5,2006,2006,1262,1262,2,2,1,5,5,2006,185000
120,5063,7,5,2007,2008,1314,1314,2,2,1,6,4,2009,207500
20,9612,8,5,2008,2009,1468,1468,2,3,1,6,12,2009,244600
120,8012,6,5,1992,1992,1575,1575,2,2,1,5,7,2007,179200
160,4251,7,5,2006,2007,625,1250,2,2,1,5,6,2007,164700
50,9786,6,7,1962,1981,1085,1734,1,3,1,7,6,2006,159000
20,8125,4,4,1971,1971,858,858,1,3,1,5,6,2006,88000
20,9819,5,5,1967,1967,900,900,1,3,1,5,2,2010,122000
70,8730,6,7,1915,2003,698,1396,1,3,1,7,7,2007,153575
60,15611,8,5,2006,2006,1079,1919,2,3,1,8,7,2006,233230
190,5687,5,6,1912,2000,936,1716,2,6,1,9,3,2008,135900
50,11409,5,4,1949,2008,1148,1716,1,3,1,8,1,2009,131000
60,16659,7,7,1977,1994,1468,2263,2,3,1,9,3,2006,235000
20,9600,6,5,1953,1953,1644,1644,1,3,1,7,10,2009,167000
80,7937,6,6,1984,1984,1003,1003,1,3,1,6,3,2006,142500
50,13710,5,5,1950,1950,910,1558,1,4,1,6,6,2007,152000
60,7399,7,5,1997,1998,975,1950,2,3,1,7,6,2007,239000
60,11700,6,6,1968,1968,1041,1743,1,3,1,7,6,2007,175000
20,14000,6,8,1950,2004,1152,1152,1,3,1,6,8,2009,158500
190,15750,5,5,1953,1953,1336,1336,1,2,1,5,6,2006,157000
60,16226,8,5,1998,1999,1210,2452,2,4,1,9,5,2007,267000
20,13704,7,5,2001,2002,1541,1541,2,3,1,6,1,2006,205000
20,9800,5,7,1972,1972,894,894,1,3,1,5,7,2006,149900
75,18386,7,9,1880,2002,1675,3493,3,3,1,10,5,2008,295000
20,10386,8,5,2004,2005,2000,2000,2,3,1,8,7,2007,305900
60,13474,7,5,1990,1991,1122,2243,2,4,1,8,6,2007,225000
50,7920,6,7,1920,1950,1035,1406,1,3,1,6,3,2008,89500
30,12342,4,5,1940,1950,861,861,1,1,1,4,3,2009,82500
20,12378,9,5,2003,2004,1944,1944,2,3,1,8,11,2006,360000
60,7685,6,5,1993,1994,697,1501,2,3,1,6,5,2006,165600
20,8000,6,6,1948,2002,972,972,1,2,1,5,5,2009,132000
190,7800,5,7,1939,1950,793,1118,1,3,1,5,5,2006,119900
20,215245,7,5,1965,1965,2036,2036,2,3,1,8,6,2009,375000
70,9600,7,7,1925,1990,832,1641,1,3,1,6,8,2006,178000
60,7795,7,5,2004,2005,716,1432,2,3,1,6,7,2009,188500
60,13005,7,7,1980,1980,1153,2353,2,4,1,10,8,2009,260000
60,9000,8,5,2006,2006,1088,1959,2,3,1,8,12,2007,270000
60,9900,7,5,1993,1993,1372,2646,2,4,1,9,4,2009,260000
80,14115,7,5,1980,1980,1472,1472,2,3,1,6,6,2009,187500
60,16259,9,5,2006,2006,1249,2596,3,4,1,9,9,2006,342643
60,12099,8,5,2004,2004,1136,2468,2,4,1,10,6,2007,354000
60,10380,7,5,1986,1987,1553,2730,2,4,1,8,8,2007,301000
20,5820,3,8,1955,2005,1163,1163,1,3,1,6,7,2006,126175
80,11275,7,7,1967,2007,1898,2978,2,5,1,11,6,2010,242000
45,5000,5,6,1941,1950,803,803,1,2,1,5,12,2007,87000
120,10846,8,5,1993,1993,1719,1719,1,1,1,6,5,2008,324000
20,11600,6,5,1960,1960,1383,1383,1,3,1,7,4,2006,145250
75,11888,6,6,1916,1994,1445,2134,2,5,1,10,7,2009,214500
70,6402,5,5,1920,1950,596,1192,1,3,1,6,7,2009,78000
90,10624,5,4,1964,1964,1728,1728,2,6,2,10,11,2007,119000
20,8176,5,6,1958,1992,1056,1056,1,3,1,6,8,2007,139000
20,10655,8,5,2003,2004,1629,1629,2,3,1,7,10,2009,284000
120,8198,7,5,2004,2004,1358,1358,2,2,1,6,7,2008,207000
60,9042,6,5,1998,1998,943,1638,2,3,1,7,7,2008,192000
190,164660,5,6,1965,1965,1619,1786,2,3,1,7,8,2008,228950
20,14157,9,5,2005,2006,1922,1922,2,3,1,8,7,2007,377426
20,9135,7,5,2002,2003,1536,1536,2,3,1,7,12,2008,214000
20,14145,7,7,1984,1998,1621,1621,2,3,1,8,5,2006,202500
20,12400,6,7,1958,1998,1215,1215,1,3,1,6,6,2009,155000
60,14191,8,5,2002,2002,993,1908,2,4,1,9,4,2010,202900
20,8400,4,4,1950,1950,841,841,1,2,1,4,9,2009,82000
90,8544,3,4,1949,1950,1040,1040,2,2,2,6,5,2006,87500
120,8849,9,5,2005,2005,1684,1684,2,2,1,6,7,2008,266000
160,2592,5,3,1976,1976,536,1112,1,3,1,4,4,2010,85000
50,6435,6,5,1939,1950,972,1577,1,3,1,6,10,2006,140200
20,12772,6,8,1960,1998,958,958,1,2,1,5,4,2007,151500
20,17600,6,5,1960,1960,1478,1478,2,3,1,6,12,2009,157500
160,2448,7,5,2003,2004,764,1626,2,2,1,6,10,2008,154000
60,20431,9,5,2005,2006,1848,2728,2,4,1,10,4,2006,437154
120,7820,9,5,2007,2007,1869,1869,2,2,1,6,12,2007,318061
120,5271,7,5,1986,1986,1453,1453,1,2,1,6,12,2006,190000
50,9084,5,6,1941,1950,616,1111,1,3,1,5,3,2008,95000
30,8520,6,8,1928,2003,720,720,1,2,1,5,5,2010,105900
50,8400,6,5,1940,2000,1192,1595,1,2,1,6,6,2006,140000
20,11249,6,5,1995,1995,1200,1200,2,3,1,6,8,2007,177500
20,9248,6,6,1992,1992,1167,1167,2,3,1,6,7,2009,173000
120,4224,5,5,1976,1976,1142,1142,1,3,1,6,8,2007,134000
80,6930,5,4,1958,1958,1352,1352,1,3,1,6,7,2006,130000
60,12011,8,5,1998,1998,1086,1924,2,3,1,7,6,2006,280000
85,7540,6,6,1978,1978,912,912,1,2,1,5,6,2007,156000
50,9144,5,5,1940,1982,988,1505,1,3,1,8,7,2008,145000
85,7301,7,5,2003,2003,495,1922,3,4,1,7,7,2009,198500
160,1680,6,8,1972,2007,483,987,1,2,1,5,5,2009,118000
60,18800,6,5,1976,1976,790,1574,2,3,1,6,7,2006,190000
70,10690,5,7,1920,1997,672,1344,1,3,1,6,7,2009,147000
20,9500,6,5,1963,1963,1394,1394,1,3,1,6,7,2009,159000
80,9150,6,5,1962,1962,1431,1431,1,3,1,6,12,2008,165000
20,7800,5,6,1954,1954,1268,1268,1,2,1,7,3,2010,132000
20,9830,5,7,1959,2006,1287,1287,1,3,1,7,3,2010,162000
60,8121,6,5,2000,2000,953,1664,2,3,1,7,1,2006,172400
50,17120,4,4,1959,1959,1120,1588,2,4,1,7,7,2008,134432
120,7175,6,5,1984,1984,752,752,1,2,1,4,2,2010,125000
20,10634,5,6,1953,1953,1319,1319,1,3,1,5,11,2009,123000
60,8200,7,5,2003,2004,847,1928,2,4,1,8,7,2007,219500
30,10020,1,1,1922,1950,904,904,0,1,1,4,3,2009,61000
85,8846,5,5,1996,1996,914,914,1,2,1,5,7,2006,148000
60,11143,8,5,2004,2005,1580,2466,3,4,1,8,12,2007,340000
20,11394,9,2,2010,2010,1856,1856,1,1,1,8,6,2010,394432
60,8123,6,5,2000,2000,1007,1800,2,3,1,7,6,2009,179000
50,5000,5,6,1924,1950,1026,1691,2,3,1,6,5,2010,127000
20,7200,7,5,2006,2006,1301,1301,2,2,1,5,8,2006,187750
60,9245,7,5,2006,2006,939,1797,2,3,1,8,4,2007,213500
45,9000,6,3,1928,1950,784,784,1,2,1,5,10,2009,76000
60,53107,6,5,1992,1992,1079,1953,2,3,1,9,6,2007,240000
120,3182,8,5,2004,2005,1269,1269,2,2,1,6,4,2010,192000
50,8410,5,3,1910,1996,658,1184,1,5,1,8,5,2006,81000
80,7200,6,6,1976,1976,1125,1125,1,3,1,6,10,2009,125000
20,9382,7,5,1999,2000,1479,1479,2,3,1,6,7,2008,191000
60,12474,10,5,2007,2008,1742,2332,2,3,1,9,8,2008,426000
50,8405,5,8,1900,1950,961,1367,1,4,1,7,4,2008,119000
60,12209,6,5,2001,2002,804,1961,2,3,1,7,6,2009,215000
20,8339,5,7,1959,1959,882,882,1,3,1,5,7,2007,106500
30,7446,4,5,1941,1950,788,788,1,2,1,4,4,2006,100000
50,10134,5,6,1940,1950,735,1034,1,2,1,5,7,2007,109000
20,9571,5,6,1956,1956,1144,1144,1,3,1,6,6,2010,129000
20,7200,5,5,1972,1972,894,894,1,2,1,6,9,2009,123000
60,7590,5,5,1962,1962,876,1812,2,4,1,8,7,2007,169500
30,8967,5,2,1920,1950,1077,1077,1,2,1,6,11,2007,67000
60,8125,7,5,2006,2007,1112,1550,2,2,1,7,10,2009,241000
120,14963,8,5,1996,1996,1288,1288,1,1,1,4,12,2008,245500
20,8767,7,5,2005,2005,1310,1310,2,3,1,6,7,2006,164990
30,10200,5,8,1940,1997,672,672,1,2,1,4,8,2008,108000
60,12090,8,5,1998,1998,1165,2263,2,4,1,10,7,2006,258000
60,10364,6,5,1995,1996,806,1572,2,3,1,7,5,2007,168000
20,9991,4,4,1976,1993,1620,1620,2,3,1,8,6,2009,150000
50,10480,6,5,1936,1950,1166,1639,1,3,1,6,3,2008,115000
70,15576,6,7,1915,1976,840,1680,2,4,1,8,3,2008,177000
60,14154,7,5,2006,2006,1071,2172,2,3,1,9,8,2007,280000
60,10800,8,5,2007,2008,1050,2078,2,3,1,8,4,2008,339750
20,9571,5,3,1958,1958,1276,1276,1,3,1,5,6,2009,60000
190,34650,5,5,1955,1955,1056,1056,1,3,1,5,1,2006,145000
20,4403,7,5,2009,2009,1478,1478,2,2,1,7,6,2010,222000
30,8960,5,6,1927,1950,1028,1028,1,2,1,5,3,2010,115000
60,11228,7,5,1993,1993,1080,2097,2,3,1,9,12,2008,228000
20,8899,7,5,2007,2007,1340,1340,2,3,1,6,8,2007,181134
60,7844,6,7,1978,1978,672,1400,1,3,1,6,3,2006,149500
70,22420,6,6,1918,1950,1370,2624,2,4,1,10,11,2007,239000
50,8160,5,6,1940,1950,756,1134,1,3,1,7,4,2007,126000
20,8450,5,6,1968,1968,1056,1056,1,3,1,6,7,2010,142000
90,7060,7,5,1997,1998,1344,1344,2,2,2,8,11,2008,206300
20,16635,6,7,1977,2000,1602,1602,2,3,1,8,6,2009,215000
20,21750,5,5,1954,1954,988,988,1,2,1,4,2,2008,113000
60,9200,8,5,1998,1998,1470,2630,2,4,1,8,6,2008,315000
20,9000,6,5,1956,1956,1196,1196,1,2,1,6,5,2008,139000
60,3378,7,8,1946,1992,707,1389,1,3,1,6,9,2009,135000
80,12800,7,5,1989,1989,1644,1644,2,2,1,5,8,2009,275000
20,8593,4,6,1957,1957,907,907,1,3,1,5,7,2008,109008
20,6762,7,5,2007,2007,1208,1208,2,2,1,6,9,2007,195400
20,11457,6,5,1988,1988,1412,1412,2,3,1,6,3,2009,175000
160,1680,6,5,1971,1971,483,987,1,2,1,4,7,2008,85400
50,5586,6,7,1920,1998,1088,1198,1,4,1,7,9,2008,79900
160,1920,5,5,1971,1971,765,1365,1,2,1,6,8,2007,122500
60,10839,6,5,1997,1998,926,1604,2,3,1,7,7,2008,181000
180,1890,4,7,1972,1972,630,630,1,1,1,3,6,2008,81000
60,10667,7,6,1996,1996,827,1661,2,3,1,6,4,2009,212000
50,4400,6,8,1920,1950,734,1118,1,2,1,6,10,2006,116000
45,6000,6,7,1926,2004,904,904,1,2,1,4,1,2009,119000
30,4280,5,6,1913,2002,694,694,1,2,1,4,3,2007,90350
50,12354,6,8,1920,2000,684,1196,1,3,1,7,8,2009,110000
20,15431,10,5,2008,2008,2402,2402,2,2,1,10,4,2009,555000
90,12108,4,4,1955,1955,1440,1440,2,4,2,8,9,2008,118000
50,6240,5,7,1930,1992,1128,1573,2,3,1,8,6,2008,162900
120,3922,7,5,2006,2007,1258,1258,2,2,1,6,6,2007,172500
60,8750,7,5,1994,1995,933,1908,2,4,1,8,7,2008,210000
20,9855,6,5,1956,1956,1689,1689,1,3,1,7,11,2009,127500
20,16492,6,6,1966,2002,1888,1888,2,2,1,6,6,2010,190000
60,11214,7,5,1998,1999,956,1886,2,4,1,10,7,2006,199900
50,8600,6,6,1937,1950,780,1376,2,3,1,7,6,2006,119500
50,6000,3,7,1948,2002,679,1183,1,2,1,6,6,2007,120000
30,5684,6,8,1930,2005,813,813,1,2,1,5,6,2006,110000
20,70761,7,5,1975,1975,1533,1533,2,2,1,5,12,2006,280000
60,9303,6,5,1996,1997,888,1756,2,3,1,7,7,2007,204000
60,9000,8,5,2008,2008,786,1590,2,3,1,6,6,2009,210000
90,9297,5,5,1976,1976,1728,1728,2,4,2,8,7,2006,188000
20,9600,7,6,1973,1973,1242,1242,1,3,1,6,9,2007,175500
70,4571,5,5,1916,1950,624,1344,1,4,1,7,5,2008,98000
20,53227,4,6,1954,1994,1663,1663,1,2,1,6,3,2008,256000
70,5100,8,7,1925,1996,833,1666,1,3,1,7,6,2008,161000
50,7015,5,4,1950,1950,979,1203,1,3,1,5,7,2009,110000
60,8004,8,5,2009,2009,832,1935,2,3,1,8,12,2009,263435
70,7200,7,9,1936,2007,575,1135,1,3,1,6,4,2009,155000
20,8281,5,5,1965,1965,864,864,1,3,1,5,12,2009,62383
70,11988,6,7,1934,1995,849,1660,1,3,1,6,8,2008,188700
20,8430,5,5,1978,1978,1040,1040,2,3,1,5,8,2009,124000
120,3072,7,5,2004,2004,1414,1414,2,2,1,6,5,2006,178740
20,10628,7,5,1970,1970,1277,1277,1,2,1,5,4,2007,167000
70,9480,5,7,1942,1995,888,1644,1,3,1,7,6,2007,146500
20,11428,8,5,2006,2006,1634,1634,2,3,1,7,5,2007,250000
60,9291,6,5,1993,1993,832,1710,2,3,1,7,6,2008,187000
120,6820,8,5,1985,1985,1502,1502,1,1,1,4,6,2010,212000
60,11952,7,6,1977,1977,1161,1969,2,3,1,8,11,2007,190000
180,3675,6,5,2005,2005,1072,1072,1,2,1,5,6,2008,148000
20,14977,8,5,2006,2007,1976,1976,2,2,1,7,7,2007,440000
120,5330,8,5,2000,2000,1652,1652,2,2,1,6,8,2007,251000
20,8480,5,6,1963,1963,970,970,1,2,1,5,7,2007,132500
20,13125,6,5,1997,1998,1493,1493,2,3,1,7,4,2008,208900
60,13693,9,5,2006,2006,2069,2643,2,3,1,9,3,2007,380000
20,10637,8,5,2007,2008,1718,1718,2,3,1,7,9,2009,297000
30,5925,4,7,1937,2000,1131,1131,1,2,1,7,3,2007,89471
20,16033,9,5,2004,2005,1850,1850,2,3,1,8,3,2006,326000
20,11846,9,5,2003,2004,1792,1792,2,2,1,6,8,2006,374000
70,2500,7,8,1915,2005,916,1826,1,4,1,7,6,2009,155000
120,4500,6,5,1998,1998,1216,1216,2,2,1,5,5,2006,164000
20,7758,5,7,1962,2001,999,999,1,3,1,6,3,2007,132500
20,9600,5,7,1950,2007,1113,1113,1,3,1,5,7,2009,147000
20,10289,5,7,1965,1965,1073,1073,1,3,1,6,6,2007,156000
20,12243,5,6,1971,1971,1484,1484,2,3,1,7,2,2007,175000
190,10800,5,4,1900,1970,1766,2414,2,3,2,10,5,2006,160000
180,1526,4,8,1970,2002,630,630,1,1,1,3,5,2009,86000
160,2665,5,6,1976,1976,616,1304,1,3,1,4,6,2008,115000
50,9490,6,7,1941,1950,958,1578,1,3,1,5,8,2006,133000
60,15578,6,5,2006,2006,728,1456,2,3,1,8,5,2006,172785
20,7931,5,6,1960,1960,1269,1269,1,3,1,6,6,2008,155000
30,5784,5,8,1938,1996,886,886,1,2,1,4,12,2009,91300
30,7879,4,5,1920,1950,720,720,1,2,1,4,11,2009,34900
20,12692,8,5,1992,1993,3228,3228,3,4,1,10,5,2007,430000
50,9120,7,6,1925,1950,1133,1820,2,4,1,8,6,2008,184000
20,7800,5,7,1967,2004,899,899,1,3,1,5,6,2009,130000
20,7535,5,7,1958,1985,912,912,1,2,1,5,6,2007,120000
160,1890,6,5,1973,1973,672,1218,1,3,1,7,5,2007,113000
60,9803,7,5,2005,2005,866,1768,2,3,1,7,2,2008,226700
20,9170,5,7,1965,1965,1214,1214,1,2,1,6,4,2007,140000
20,15602,7,8,1959,1997,1801,1801,2,1,1,6,3,2010,289000
160,2308,6,5,1974,1974,855,1322,2,3,1,6,6,2009,147000
90,7596,5,5,1952,1952,960,1960,2,4,2,10,7,2009,124500
60,9554,8,5,1993,1994,1065,1911,2,3,1,8,9,2006,215000
20,7862,6,5,2009,2009,1218,1218,2,2,1,4,9,2009,208300
70,9600,7,9,1928,2005,689,1378,2,3,1,7,10,2008,161000
20,9600,5,6,1959,1959,1041,1041,1,3,1,6,7,2009,124500
20,14559,5,7,1951,2000,1363,1363,1,2,1,6,6,2009,164900
120,6792,7,5,2005,2006,1368,1368,2,2,1,6,3,2006,202665
20,9100,5,5,1958,1958,864,864,1,3,1,5,7,2006,129900
20,9187,6,5,1983,1983,1080,1080,1,3,1,5,6,2007,134000
45,10594,5,5,1926,1950,789,789,1,2,1,5,6,2007,96500
20,12220,10,5,2009,2009,2020,2020,2,3,1,9,9,2009,402861
80,10448,6,6,1972,1972,1378,2119,2,3,1,7,8,2009,158000
60,10208,7,5,1996,1997,1277,2344,2,3,1,7,7,2009,265000
60,9531,6,5,1998,1998,882,1796,2,3,1,7,5,2007,211000
70,10918,7,9,1926,2004,1276,2080,1,3,1,9,6,2009,234000
190,10800,4,7,1900,2000,694,1294,2,3,2,7,8,2008,106250
20,11988,6,6,1957,1957,1244,1244,1,3,1,6,5,2007,150000
50,5000,6,7,1947,1950,1004,1664,2,3,1,7,10,2006,159000
60,40094,10,5,2007,2008,3138,4676,3,3,1,11,10,2007,184750
60,11787,7,5,1996,1997,1383,2398,2,3,1,8,8,2007,315750
20,7500,7,5,2005,2005,1266,1266,2,3,1,6,4,2006,176000
20,13300,5,7,1956,2000,928,928,1,2,1,4,6,2007,132000
60,14948,9,5,2008,2008,1476,2713,2,3,1,11,11,2008,446261
30,9098,4,7,1920,2002,605,605,1,2,1,5,7,2007,86000
20,32668,6,3,1957,1975,2515,2515,3,4,2,9,3,2007,200624
80,10200,6,5,1988,1989,1509,1509,2,3,1,5,8,2008,175000
70,6155,6,8,1920,1999,751,1362,2,3,1,6,6,2008,128000
20,7200,5,7,1955,2007,827,827,1,2,1,5,4,2010,107500
20,5000,1,3,1946,1950,334,334,1,1,1,2,1,2007,39300
60,9056,8,5,2004,2004,707,1414,2,3,1,6,10,2006,178000
190,7000,5,7,1910,1991,820,1347,1,3,1,5,1,2008,107500
60,8924,7,5,1998,1999,880,1724,2,3,1,8,7,2008,188000
20,12735,4,5,1972,1972,864,864,1,3,1,5,4,2008,111250
20,11553,5,5,1968,1968,1159,1159,1,3,1,7,7,2006,158000
20,11423,8,5,2001,2002,1601,1601,2,3,1,6,5,2010,272000
20,14601,9,5,2006,2006,1838,1838,2,2,1,8,3,2009,315000
60,11000,8,5,2000,2000,997,2285,2,4,1,8,6,2007,248000
20,10140,7,5,1998,1999,1680,1680,2,3,1,7,6,2009,213250
120,4058,7,5,1998,1998,767,767,1,1,1,4,6,2007,133000
60,17104,7,5,2006,2006,664,1496,2,3,1,7,9,2006,179665
50,13837,7,5,1988,1988,1377,2183,2,4,1,9,2,2006,229000
50,8737,6,7,1923,1950,915,1635,1,3,1,6,5,2007,210000
85,7244,5,7,1970,1970,768,768,1,2,1,5,4,2007,129500
20,8235,5,7,1955,1995,825,825,1,2,1,4,6,2008,125000
60,9375,7,5,2003,2004,912,2094,2,4,1,8,11,2009,263000
120,4043,6,6,1977,1977,1069,1069,2,2,1,4,10,2008,140000
20,6000,5,6,1957,1957,928,928,1,3,1,5,6,2008,112500
20,11146,8,5,2006,2006,1717,1717,2,3,1,7,7,2009,255500
20,8777,4,5,1949,2003,1126,1126,2,2,1,5,5,2009,108000
60,10625,7,5,2003,2004,1006,2046,2,3,1,8,8,2008,284000
45,6380,5,6,1922,1950,1048,1048,1,2,1,5,8,2006,113000
20,14850,5,5,1957,1957,1092,1092,1,2,1,6,5,2006,141000
50,11040,4,6,1920,1950,897,1336,1,3,1,7,9,2006,108000
60,21872,7,5,1996,1997,729,1446,2,3,1,6,8,2008,175000
120,3196,7,5,2003,2004,1557,1557,2,2,1,7,10,2006,234000
20,11341,5,6,1957,1996,1392,1392,1,3,1,5,5,2010,121500
20,10010,5,5,1974,1975,1389,1389,1,2,1,6,4,2006,170000
30,13907,5,6,1940,1969,996,996,1,3,1,6,7,2008,108000
50,21780,6,7,1918,1950,1163,1674,2,4,1,8,7,2008,185000
60,13346,7,5,1992,2000,1166,2295,2,4,1,9,7,2006,268000
70,6858,6,4,1915,1950,841,1647,1,4,1,6,5,2010,128000
60,11198,9,5,2005,2007,1134,2504,2,4,1,11,6,2008,325000
20,10171,7,5,2004,2004,1535,1535,2,3,1,7,3,2010,214000
50,12327,8,8,1983,2009,1496,2132,1,1,1,5,9,2009,316600
90,7032,5,5,1979,1979,943,943,1,2,1,4,12,2006,135960
90,13101,5,5,1965,1965,1728,1728,2,6,2,10,11,2008,142600
20,7332,6,6,1959,1959,864,864,1,2,1,4,10,2006,120000
60,13159,7,5,2009,2009,846,1692,2,3,1,6,7,2009,224500
80,9967,7,5,2000,2000,774,1430,2,3,1,8,12,2007,170000
80,10500,5,7,1971,2005,576,1109,1,3,1,5,12,2007,139000
50,8480,5,5,1947,1950,832,1216,1,2,1,6,10,2008,118500
50,6292,7,7,1928,1950,877,1477,2,3,1,6,8,2009,145000
80,11777,5,6,1966,1966,1320,1320,1,3,1,6,5,2006,164500
160,3604,7,5,2007,2007,703,1392,2,2,1,5,2,2008,146000
50,12150,5,5,1954,1954,1050,1795,2,4,1,7,11,2008,131500
20,14585,6,6,1960,1987,1429,1429,1,3,1,7,6,2007,181900
20,12704,8,5,2008,2009,2042,2042,2,3,1,8,8,2009,253293
90,11841,6,5,1990,1990,816,816,1,3,1,5,5,2007,118500
75,13500,10,9,1893,2000,1521,2775,3,3,1,9,7,2008,325000
50,6120,4,7,1935,1995,989,1573,1,3,1,6,7,2009,133000
20,11443,8,5,2005,2006,2028,2028,2,2,1,7,3,2006,369900
30,10267,6,7,1918,2000,838,838,1,2,1,5,5,2008,130000
85,8740,5,6,1982,1982,860,860,1,2,1,4,7,2009,137000
20,25095,5,8,1968,2003,1473,1473,1,1,1,5,6,2009,143000
40,9100,5,6,1930,1960,779,935,1,2,1,4,8,2008,79500
60,8320,7,5,2004,2004,770,1582,2,3,1,6,9,2008,185900
60,13478,10,5,2008,2008,1728,2296,2,3,1,10,6,2009,451950
20,6600,5,8,1982,2003,816,816,1,2,1,4,6,2008,138000
120,4435,6,5,2003,2003,848,848,1,1,1,4,5,2009,140000
20,7990,5,6,1975,1975,924,924,1,3,1,5,4,2008,110000
20,11302,8,5,2005,2006,1826,1826,2,3,1,7,8,2006,319000
70,3600,6,7,1910,1993,684,1368,1,3,1,7,10,2006,114504
120,3922,7,5,2006,2007,1402,1402,0,2,1,7,2,2007,194201
20,12984,5,6,1977,1977,1647,1647,2,3,1,7,3,2006,217500
160,1950,6,6,1980,1980,716,1556,2,3,1,6,7,2008,151000
60,10927,8,5,2005,2005,1058,1904,2,3,1,8,6,2006,275000
50,9000,6,6,1937,1950,780,1375,1,3,1,6,12,2007,141000
60,10041,8,5,1992,1992,927,1915,2,3,1,8,2,2006,220000
160,3182,7,5,2004,2005,600,1200,2,2,1,4,6,2010,151000
20,12803,7,5,2002,2002,1494,1494,2,3,1,6,9,2008,221000
60,13600,7,6,1965,1990,1186,1986,2,3,1,7,10,2009,205000
20,12464,5,5,1996,1996,1040,1040,1,3,1,6,11,2009,152000
20,7800,5,8,1948,2002,1112,2008,3,3,1,8,8,2006,225000
70,12168,8,6,1934,1998,1940,3194,2,4,1,10,9,2007,359100
20,7943,4,5,1961,1961,1029,1029,1,3,1,5,4,2007,118500
60,11050,9,5,2000,2000,1476,2153,2,3,1,8,5,2009,313000
80,10395,6,6,1978,1978,1032,1032,2,3,1,6,7,2007,148000
60,11885,8,5,2001,2001,1299,1872,2,3,1,7,11,2009,261500
20,8402,5,5,2007,2007,1120,1120,1,3,1,6,12,2007,147000
180,1491,4,6,1972,1972,630,630,1,1,1,3,5,2010,75500
85,8800,6,7,1963,1963,1054,1054,1,3,1,6,5,2010,137500
60,7861,6,5,2002,2003,807,1509,2,3,1,7,6,2006,183200
45,7227,6,6,1954,1954,832,832,1,2,1,4,6,2008,105500
20,11694,9,5,2007,2007,1828,1828,2,3,1,9,7,2007,314813
60,12244,8,5,2003,2003,1482,2262,2,4,1,10,8,2008,305000
30,8248,3,3,1914,1950,864,864,1,2,1,5,9,2008,67000
60,10800,6,7,1974,1997,1548,2614,2,4,1,9,6,2008,240000
20,7064,5,6,1977,1977,980,980,1,3,1,6,7,2009,135000
160,2117,6,5,2000,2000,756,1512,2,2,1,4,6,2007,168500
60,10400,6,5,1972,1972,1012,1790,1,4,1,8,11,2006,165150
20,10000,6,6,1962,1962,1116,1116,1,3,1,5,2,2010,160000
20,12342,5,5,1960,1978,1422,1422,1,3,1,6,8,2007,139900
80,9600,6,6,1955,1972,1520,1520,1,3,1,7,3,2010,153000
60,11606,5,5,1969,1969,1040,2080,1,5,1,9,9,2007,135000
80,9020,6,5,1964,1964,1350,1350,1,3,1,6,6,2008,168500
70,9000,5,6,1880,1991,1089,1750,1,3,1,8,6,2006,124000
120,4590,8,5,2006,2006,1554,1554,2,2,1,6,8,2007,209500
20,11900,7,5,1977,1977,1411,1411,2,3,1,6,4,2009,82500
20,9250,5,7,1954,2005,1056,1056,1,3,1,6,7,2007,139400
90,6979,6,5,1980,1980,1056,1056,0,0,2,4,6,2010,144000
190,10896,6,7,1914,1995,1440,3395,2,8,2,14,3,2007,200000
30,6120,2,3,1936,1950,800,800,1,1,1,4,1,2009,60000
190,6000,5,4,1954,1954,811,1387,2,3,2,7,11,2009,93000
30,8777,5,7,1910,1950,796,796,1,2,1,4,5,2008,85000
120,3982,8,5,2006,2006,1567,1567,2,1,1,7,10,2006,264561
120,12677,8,5,2003,2004,1518,1518,1,1,1,6,4,2008,274000
60,7050,7,5,2001,2001,1057,1929,2,3,1,7,5,2007,226000
80,13860,8,7,1972,1995,2000,2704,2,4,1,9,7,2009,345000
60,10793,5,5,1969,1969,780,1620,2,4,1,7,4,2007,152000
20,9187,9,5,2009,2009,1766,1766,2,2,1,7,10,2009,370878
20,10530,6,5,1971,1971,981,981,1,3,1,5,3,2007,143250
20,7200,5,5,1950,1950,1048,1048,1,3,1,7,7,2008,98300
20,10452,6,5,1953,1953,1094,1094,1,3,1,5,6,2008,155000
60,7700,6,5,1966,1966,1051,1839,1,4,1,7,6,2010,155000
180,1936,4,6,1970,1970,630,630,1,1,1,3,12,2007,84500
60,8125,7,6,2007,2007,822,1665,2,3,1,7,5,2008,205950
70,9084,4,5,1940,1950,755,1510,1,4,1,7,10,2009,108000
60,8750,7,5,1996,1996,909,1716,2,2,1,7,7,2009,191000
50,10320,6,7,1906,1995,756,1469,1,3,1,7,6,2008,135000
20,10437,8,6,1995,1995,2113,2113,2,2,1,7,8,2008,350000
160,1680,6,5,1971,1971,525,1092,1,3,1,6,3,2010,88000
20,10007,5,7,1959,2006,1053,1053,1,3,1,5,8,2008,145500
70,7200,7,6,1931,2000,851,1502,1,3,1,6,2,2008,149000
50,17503,6,5,1948,1950,912,1458,1,3,1,6,1,2010,97500
20,9937,5,7,1964,1999,1486,1486,1,3,1,7,3,2009,167000
60,12384,7,7,1976,1976,1142,1935,2,3,1,7,11,2007,197900
60,46589,8,7,1994,2005,1686,2448,2,4,1,8,7,2009,402000
20,13560,6,3,1968,1968,1392,1392,1,2,1,5,7,2009,110000
85,10012,4,5,1972,1972,1181,1181,2,3,1,6,4,2008,137500
20,20896,8,5,2005,2006,2097,2097,1,1,1,8,1,2006,423000
60,11194,8,5,2000,2000,1454,1936,2,3,1,7,11,2006,230500
60,18450,6,5,1965,1979,1465,2380,2,3,1,7,8,2007,129000
20,8125,6,5,1994,1998,1679,1679,2,3,1,7,10,2008,193500
20,14175,5,6,1956,1987,1437,1437,1,3,1,6,11,2006,168000
30,11600,4,5,1922,1950,1180,1180,1,2,1,5,7,2006,137500
60,8633,6,5,2005,2005,738,1476,2,3,1,7,2,2009,173500
70,6629,6,6,1925,1950,697,1369,2,3,1,6,7,2009,103600
20,11250,6,6,1977,1977,1208,1208,1,3,1,6,6,2006,165000
20,14442,6,7,1957,2004,1839,1839,2,3,1,7,6,2007,257500
20,9200,6,6,1965,1965,1136,1136,1,3,1,5,7,2008,140000
160,2289,6,6,1978,1978,855,1441,2,3,1,7,4,2009,148500
70,9600,4,2,1900,1950,1095,1774,2,4,2,8,5,2006,87000
30,9022,5,8,1924,2006,792,792,1,2,1,5,5,2009,109500
20,11844,8,5,2008,2008,2046,2046,2,3,1,7,7,2009,372500
20,9945,5,5,1961,1961,988,988,1,3,1,5,10,2007,128500
120,8012,6,5,1980,1980,923,923,2,2,1,5,5,2010,143000
50,4500,5,5,1932,2000,848,1520,1,3,1,6,7,2009,159434
120,2887,6,5,1996,1997,1291,1291,1,2,1,6,11,2008,173000
20,11248,9,5,2002,2002,1668,1668,2,3,1,7,7,2007,285000
60,16770,7,5,1998,1998,1195,1839,2,4,1,7,6,2010,221000
160,5062,7,5,1984,1984,1190,2090,2,3,1,6,9,2007,207500
60,10207,7,6,2007,2007,874,1761,3,3,1,7,8,2007,227875
160,5105,7,5,2004,2004,551,1102,2,2,1,4,3,2007,148800
20,8089,8,6,2007,2007,1419,1419,2,2,1,7,10,2007,392000
120,7577,6,5,2005,2006,1362,1362,2,2,1,6,6,2007,194700
120,4426,6,5,2004,2004,848,848,1,1,1,3,5,2008,141000
60,21535,10,6,1994,1995,2444,4316,3,4,1,10,1,2007,755000
60,26178,7,5,1989,1990,1238,2519,2,4,1,9,4,2006,335000
30,5400,5,6,1921,1968,1073,1073,1,2,1,4,12,2006,108480
50,6120,5,6,1936,1950,1067,1539,1,3,1,5,4,2009,141500
20,13811,6,6,1987,1987,1137,1137,2,2,1,5,7,2006,176000
30,6000,5,7,1921,1950,616,616,1,2,1,4,6,2006,89000
20,6420,5,7,1952,1952,1148,1148,1,2,1,6,9,2006,123500
20,8450,5,8,1965,2009,894,894,1,3,1,5,4,2010,138500
120,4282,7,5,2004,2004,1391,1391,2,2,1,5,7,2008,196000
20,14331,8,5,2002,2002,1800,1800,2,3,1,7,5,2006,312500
20,9600,7,5,1969,1969,1164,1164,1,3,1,6,7,2006,140000
60,12438,8,5,2006,2006,1264,2576,2,4,1,10,7,2006,361919
190,7630,5,9,1900,1996,1032,1812,2,4,2,8,5,2010,140000
20,8400,7,5,2004,2005,1484,1484,2,3,1,7,5,2010,213000
190,5600,4,5,1930,1950,372,1092,2,3,2,7,7,2010,55000
20,115149,7,5,1971,2002,1824,1824,2,2,1,5,6,2007,302000
120,6240,8,5,2006,2006,1324,1324,2,2,1,6,12,2009,254000
60,9018,7,5,2007,2007,728,1456,2,3,1,8,7,2007,179540
20,7162,5,7,1966,1966,904,904,1,3,1,6,12,2008,109900
30,4130,3,6,1935,2003,729,729,1,2,1,5,7,2008,52000
50,8712,4,7,1900,1950,859,1178,1,2,1,7,1,2010,102776
120,4671,8,5,1988,1989,1228,1228,2,2,1,5,10,2008,189000
190,9873,4,5,1970,1970,960,960,1,3,1,6,5,2006,129000
60,13517,6,8,1976,2005,725,1479,2,3,1,6,3,2010,130500
20,10140,6,5,1974,1974,1350,1350,2,3,1,7,8,2009,165000
70,10800,7,8,1890,1998,1576,2554,1,3,1,8,7,2007,159500
20,10000,5,6,1973,2000,1178,1178,1,3,1,5,11,2008,157000
60,10542,7,5,1993,1994,1325,2418,2,3,1,9,8,2008,341000
20,9920,5,6,1969,1969,971,971,1,3,1,5,5,2006,128500
120,6563,8,5,1985,1985,1742,1742,2,2,1,5,12,2006,275000
120,4426,6,5,2004,2004,848,848,1,1,1,3,5,2010,143000
20,8120,4,7,1970,1970,864,864,1,3,1,5,7,2009,124500
50,8172,4,6,1954,1972,997,1470,2,4,1,7,5,2008,135000
20,13286,9,5,2007,2008,1698,1698,2,3,1,8,2,2009,320000
20,6960,4,6,1970,1970,864,864,1,3,1,5,11,2009,120500
20,21695,6,9,1988,2007,1680,1680,2,3,1,5,12,2009,222000
20,7314,7,5,2007,2007,1232,1232,2,2,1,6,2,2009,194500
90,11475,5,5,1958,1958,1776,1776,2,4,2,9,7,2009,110000
30,6240,4,5,1925,1950,848,1208,1,2,1,5,1,2009,103000
120,5389,8,5,1995,1996,1616,1616,2,2,1,5,3,2010,236500
80,9590,7,5,2003,2003,1146,1146,2,3,1,6,5,2007,187500
60,11404,7,5,1998,1999,1153,2031,2,3,1,8,7,2008,222500
20,10000,5,6,1961,1983,1144,1144,1,3,1,6,3,2009,131400
20,8978,5,5,1968,1968,948,948,1,3,1,6,5,2007,108000
75,10800,7,7,1914,1970,880,1768,1,2,1,6,10,2006,163000
90,8544,3,4,1950,1950,1040,1040,2,2,2,6,7,2006,93500
60,10463,8,5,2005,2005,901,1801,2,3,1,8,6,2006,239900
90,10800,5,5,1987,1988,1200,1200,3,3,1,5,3,2009,179000
60,9313,7,5,2004,2004,864,1728,2,3,1,7,4,2009,190000
70,9600,5,7,1910,2002,768,1432,2,2,1,7,5,2007,132000
20,6768,6,8,1961,1996,912,912,1,3,1,5,5,2008,142000
20,8450,7,5,2000,2001,1349,1349,2,3,1,6,12,2007,179000
80,12886,5,6,1963,1999,1464,1464,2,3,1,6,10,2009,175000
120,5395,8,5,1993,1993,1337,1337,2,2,1,5,10,2008,180000
60,8963,8,9,1976,1996,1175,2715,3,4,1,11,7,2008,299800
60,8795,7,5,2000,2000,980,2256,2,4,1,8,4,2009,236000
70,11700,7,7,1880,2003,1320,2640,1,4,1,8,5,2009,265979
20,10593,7,5,1996,1996,1720,1720,2,3,1,7,3,2010,260400
50,8405,4,3,1945,1950,1088,1529,2,4,1,9,4,2009,98000
50,8800,4,7,1910,2004,792,1140,1,3,1,7,6,2010,96500
60,7750,7,5,2003,2003,660,1320,2,3,1,6,8,2007,162000
20,9236,6,5,1997,1997,1494,1494,2,3,1,6,7,2006,217000
60,10240,8,5,2005,2005,1038,2098,2,3,1,8,3,2006,275500
20,7930,6,8,1969,2005,1026,1026,1,3,1,5,7,2009,156000
160,3230,6,5,1999,1999,742,1471,2,3,1,6,3,2009,172500
60,10769,8,5,2007,2007,866,1768,2,3,1,7,4,2009,212000
60,11616,6,5,1978,1978,672,1386,2,3,1,6,4,2010,158900
160,2280,7,5,1999,1999,757,1501,2,3,1,6,8,2008,179400
60,12257,8,5,1995,1995,1328,2531,2,4,1,9,11,2007,290000
20,9100,6,6,1959,1959,864,864,1,2,1,5,10,2009,127500
30,6911,5,5,1924,1950,1301,1301,1,2,1,5,10,2009,100000
60,8640,7,5,2009,2009,764,1547,2,3,1,7,6,2010,215200
60,9430,8,5,1999,1999,1268,2365,2,3,1,8,7,2009,337000
120,9549,8,5,1995,1996,1494,1494,1,2,1,6,4,2006,270000
20,14587,9,5,2008,2008,1506,1506,2,2,1,6,8,2008,264132
60,10421,7,5,1988,1988,980,1714,2,3,1,7,3,2010,196500
50,12508,6,7,1940,1985,983,1750,2,4,1,7,7,2008,160000
20,9100,7,5,2004,2005,1836,1836,2,3,1,8,10,2006,216837
60,53504,8,5,2003,2003,1690,3279,3,4,1,12,6,2010,538000
85,7252,5,5,1982,1982,858,858,1,2,1,5,4,2009,134900
20,8877,4,5,1951,1951,1220,1220,1,2,1,6,4,2006,102000
80,7819,6,5,1976,1976,1117,1117,1,3,1,6,3,2010,107000
20,10150,5,5,1958,1958,912,912,1,2,1,5,7,2007,114500
20,14226,8,5,2006,2006,1973,1973,2,3,1,9,7,2007,395000
120,4500,6,5,1998,1998,1204,1204,2,2,1,5,6,2009,162000
20,11210,7,5,2005,2006,1614,1614,2,3,1,7,7,2006,221500
20,13350,5,5,1974,1974,894,894,1,3,1,5,6,2006,142500
90,8400,5,5,1977,1977,2020,2020,2,4,2,10,10,2007,144000
90,10530,6,5,1977,1977,1004,1004,1,2,1,4,5,2006,135000
20,7875,7,5,1995,1996,1253,1253,2,3,1,6,6,2007,176000
60,7153,6,5,1992,1992,810,1603,2,3,1,7,7,2006,175900
20,16285,7,5,2001,2002,1430,1430,2,3,1,6,6,2009,187100
85,9101,5,6,1978,1978,1110,1110,1,1,1,4,7,2009,165500
75,6300,6,6,1914,2001,742,1484,2,3,1,9,6,2008,128000
20,9790,6,5,1967,1967,1342,1342,2,3,1,7,9,2009,161500
50,10800,5,6,1915,1950,966,1652,2,4,1,7,6,2010,139000
60,10142,7,5,2004,2004,956,2084,2,4,1,8,1,2010,233000
20,6000,4,7,1954,2000,901,901,1,2,1,4,8,2008,107900
60,12205,6,8,1966,2007,976,2087,2,5,1,9,7,2007,187500
120,3182,7,5,2005,2006,1145,1145,2,2,1,5,9,2009,160200
80,11333,6,5,1976,1976,1062,1062,1,3,1,5,5,2007,146800
60,9920,7,5,1996,1997,1127,2013,2,3,1,8,6,2007,269790
20,9158,8,5,2007,2007,1496,1496,2,3,1,7,6,2007,225000
60,10832,7,5,1994,1996,1086,1895,2,3,1,7,10,2008,194500
60,8400,6,6,1980,1981,888,1564,2,3,1,7,4,2010,171000
20,8197,6,5,1977,1977,1285,1285,1,3,1,7,4,2007,143500
20,7677,5,5,1953,1953,773,773,1,2,1,4,4,2008,110000
60,13518,9,5,2008,2009,1966,3140,3,4,1,11,7,2009,485000
50,7200,5,7,1937,1950,981,1768,1,3,1,7,6,2007,175000
60,12798,6,5,1997,1997,616,1688,2,4,1,8,5,2008,200000
30,4800,4,7,1916,1990,1196,1196,1,2,1,5,7,2007,109900
60,8199,7,5,2005,2005,728,1456,2,3,1,7,10,2008,189000
60,13891,9,5,2008,2009,1734,2822,3,4,1,12,1,2009,582933
20,9000,5,5,1954,1954,1128,1128,1,2,1,5,6,2006,118000
20,12274,7,5,2008,2008,1428,1428,2,3,1,6,7,2008,227680
80,9750,5,5,1967,1967,980,980,2,3,1,6,10,2006,135500
70,21384,5,6,1923,2004,1072,1576,1,3,1,6,5,2009,223500
80,13400,5,5,1966,1966,1086,1086,1,3,1,6,6,2006,159950
75,8100,5,5,1898,1965,1075,2138,2,2,3,11,11,2009,106000
20,10140,6,6,1974,1999,1309,1309,1,3,1,5,1,2006,181000
120,4438,6,5,2004,2004,848,848,1,1,1,4,6,2008,144500
20,8712,5,5,1952,1952,1044,1044,1,2,1,4,6,2010,55993
20,9750,6,6,1958,1958,1442,1442,1,4,1,7,4,2007,157900
50,8248,5,7,1918,1950,686,1250,1,3,1,7,7,2006,116000
20,12137,7,5,1998,1998,1661,1661,2,3,1,6,5,2010,224900
20,11425,5,6,1954,1954,1008,1008,1,2,1,4,7,2006,137000
20,13265,8,5,2002,2002,1689,1689,2,3,1,7,7,2008,271000
80,8816,6,7,1971,1971,1052,1052,1,3,1,6,6,2010,155000
120,6371,7,5,2009,2010,1358,1358,2,2,1,6,6,2010,224000
60,7226,7,5,2003,2003,798,1640,2,3,1,6,6,2008,183000
20,6000,4,4,1953,1953,936,936,1,2,1,4,2,2009,93000
60,12394,7,5,2003,2003,847,1733,2,3,1,7,10,2007,225000
50,9900,6,7,1940,1950,944,1489,2,3,1,7,7,2009,139500
20,11216,8,5,2006,2006,1489,1489,2,3,1,7,6,2006,232600
20,14803,10,5,2007,2008,2084,2084,2,2,1,7,6,2008,385000
45,6130,5,6,1924,1950,784,784,1,2,1,5,5,2008,109500
20,8529,7,5,2001,2001,1434,1434,2,3,1,6,4,2009,189000
60,28698,5,5,1967,1967,1160,2126,2,3,1,7,6,2009,185000
160,2544,7,5,2005,2005,520,1223,2,2,1,4,7,2006,147400
20,11900,6,5,1957,1957,1392,1392,1,3,1,6,6,2008,166000
160,3180,7,5,2005,2005,520,1200,2,2,1,4,6,2006,151000
60,9548,7,6,2003,2003,941,1829,2,3,1,7,1,2010,237000
20,10004,6,6,1964,1964,1516,1516,1,3,1,6,2,2009,167000
20,7875,5,6,1961,1961,1144,1144,1,3,1,6,9,2008,139950
20,9600,4,7,1950,1995,1067,1067,2,2,1,4,2,2010,128000
30,8100,5,6,1948,1973,1559,1559,1,2,1,5,6,2007,153500
160,1680,6,5,1973,1973,483,987,1,2,1,5,11,2008,100000
20,9525,5,6,1995,2006,1099,1099,1,3,1,6,6,2008,144000
50,11767,5,6,1946,1995,768,1200,1,3,1,6,5,2008,130500
70,12155,6,8,1925,1950,810,1482,2,4,1,7,3,2008,140000
70,10440,5,8,1904,2002,958,1539,2,3,1,8,6,2008,157500
80,9020,6,7,1966,1966,1165,1165,1,3,1,6,5,2008,174900
90,8000,5,4,1961,1961,1800,1800,2,6,2,10,7,2007,141000
50,12665,5,8,1915,1950,876,1416,1,4,1,7,6,2008,153900
85,16647,5,5,1975,1981,1701,1701,2,3,1,6,1,2007,171000
60,9317,7,5,1993,1993,1006,1775,2,3,1,7,7,2009,213000
20,15523,5,6,1972,1972,864,864,1,3,1,5,8,2009,133500
50,45600,6,8,1908,1997,1307,2358,3,5,1,10,9,2008,240000
80,9600,6,7,1976,1994,1094,1855,2,3,1,7,8,2007,187000
120,4435,6,5,2003,2003,848,848,1,1,1,3,11,2007,131500
120,3196,8,5,2003,2003,1456,1456,2,2,1,7,5,2006,215000
75,7128,7,5,1941,1950,918,1646,2,4,1,7,8,2007,164000
80,12095,6,6,1964,1964,1445,1445,1,3,1,7,8,2009,158000
20,17920,5,4,1955,1974,1779,1779,1,3,1,6,7,2006,170000
20,6897,5,8,1962,2010,1040,1040,1,3,1,6,4,2010,127000
80,10970,6,6,1978,1978,1026,1026,1,3,1,5,10,2008,147000
60,8125,6,5,1994,1995,702,1481,2,3,1,6,3,2009,174000
20,10400,7,5,1976,1976,1370,1370,2,3,1,6,6,2009,152000
60,11029,6,7,1968,1984,1512,2654,2,4,1,9,8,2006,250000
50,7642,7,8,1918,1998,912,1426,1,3,1,7,6,2007,189950
190,11625,5,4,1965,1965,1039,1039,1,3,1,6,4,2010,131500
20,9672,6,5,1984,1985,1097,1097,2,3,1,6,5,2010,152000
20,7931,5,5,1959,1959,1148,1148,1,3,1,6,7,2009,132500
20,8640,7,5,2007,2008,1372,1372,2,3,1,6,5,2008,250580
20,8750,5,6,1970,1970,1002,1002,1,3,1,5,8,2009,148500
20,10656,8,5,2006,2007,1646,1646,2,3,1,6,11,2007,248900
20,6970,4,5,1961,1961,1120,1120,1,3,1,5,5,2007,129000
60,14762,5,6,1948,1950,1547,2320,2,2,1,7,5,2006,169000
60,9938,7,5,1993,1994,1062,1949,2,3,1,8,6,2010,236000
20,6600,5,5,1962,1962,894,894,1,2,1,5,8,2009,109500
60,8750,6,5,1998,1998,804,1682,2,3,1,7,6,2010,200500
20,8892,5,7,1953,1996,910,910,1,3,1,5,10,2008,116000
40,12144,5,7,1949,1950,1036,1268,1,3,1,6,9,2009,133000
50,5720,5,6,1941,1950,676,1131,1,3,1,5,8,2009,66500
60,9000,8,5,2007,2007,1184,2610,2,4,1,11,8,2007,303477
20,25286,4,5,1963,1963,1040,1040,1,3,1,5,1,2007,132250
60,8834,9,5,2004,2005,1462,2224,2,4,1,10,6,2009,350000
85,11782,5,7,1961,1995,1155,1155,1,3,1,6,6,2010,148000
20,7000,5,8,1978,2005,864,864,1,3,1,6,7,2009,136500
20,7024,5,5,2005,2006,1090,1090,1,2,1,5,6,2007,157000
50,13758,7,5,1990,1991,1187,1717,2,3,1,7,4,2007,187500
60,9636,6,5,1992,1993,808,1593,2,3,1,7,12,2009,178000
75,6204,4,5,1912,1950,954,2230,1,5,1,10,3,2006,118500
20,7150,5,5,1967,1967,892,892,1,3,1,5,7,2009,100000
120,5119,9,5,1999,2000,1709,1709,2,2,1,5,1,2008,328900
90,8393,5,5,1959,2005,1712,1712,2,4,2,8,6,2006,145000
50,16466,5,7,1955,1955,872,1393,1,3,1,8,4,2008,135500
20,15865,8,6,1970,1970,2217,2217,2,4,1,8,10,2007,268000
20,12160,6,4,1953,1953,1505,1505,1,2,1,6,2,2009,149500
50,8064,5,7,1949,2006,672,924,1,3,1,6,7,2007,122900
60,11184,6,5,1978,1978,918,1683,2,3,1,7,7,2009,172500
20,8414,6,8,1963,2003,1068,1068,1,3,1,6,2,2006,154500
20,13284,5,5,1954,1954,1383,1383,1,3,1,6,6,2008,165000
90,7018,5,5,1979,1979,1535,1535,2,4,2,8,6,2009,118858
60,7056,6,5,1963,1963,983,1796,1,4,1,8,10,2008,140000
30,8765,4,6,1936,1950,951,951,1,2,1,6,4,2006,106500
90,7018,5,5,1979,1979,1120,2240,2,6,2,12,6,2009,142953
20,12919,9,5,2009,2010,2364,2364,2,2,1,11,3,2010,611657
20,6993,5,7,1961,1994,1236,1236,1,3,1,6,6,2006,135000
20,7340,4,6,1971,1971,858,858,1,2,1,4,6,2007,110000
20,8712,5,7,1957,2000,1306,1306,1,2,1,5,5,2009,153000
60,7875,7,5,2003,2003,807,1509,2,3,1,8,7,2006,180000
20,14859,7,5,2006,2006,1670,1670,2,3,1,7,8,2006,240000
20,6173,5,6,1967,1967,902,902,1,3,1,6,8,2007,125500
20,9920,5,5,1954,1954,1063,1063,1,3,1,6,2,2010,128000
20,13501,8,5,2006,2006,1636,1636,2,3,1,8,6,2007,255000
50,11500,7,7,1936,1987,1020,2057,1,3,1,6,6,2006,250000
20,8885,5,5,1983,1983,902,902,1,2,1,5,6,2006,131000
60,12589,6,5,2005,2005,742,1484,2,3,1,8,6,2009,174000
90,11600,5,5,1960,1960,1105,2274,2,5,2,12,1,2010,154300
20,9286,5,7,1977,1989,1268,1268,1,3,1,5,10,2009,143500
30,6120,5,7,1925,1950,1015,1015,1,3,1,6,7,2006,88000
90,6270,5,6,1949,1950,1001,2002,2,4,2,8,8,2007,145000
160,3000,6,5,2009,2009,612,1224,2,2,1,4,6,2009,173733
160,2001,4,5,1970,1970,546,1092,1,3,1,6,1,2007,75000
20,9000,2,3,1949,1950,480,480,0,1,1,4,10,2006,35311
20,17140,4,6,1956,1956,1229,1229,1,3,1,6,4,2009,135000
60,13125,7,5,1991,1991,912,2127,2,4,1,8,11,2007,238000
20,11029,6,8,1958,2002,1414,1414,1,3,1,6,5,2008,176500
60,8462,6,5,1994,1994,936,1721,2,3,1,7,7,2007,201000
90,8777,5,7,1900,2003,1272,2200,2,4,2,9,9,2008,145900
20,10237,6,5,2005,2006,1316,1316,2,3,1,6,10,2006,169990
120,8012,6,5,1993,1994,1617,1617,2,2,1,5,7,2008,193000
20,10240,6,6,1980,1980,1686,1686,2,3,1,7,5,2006,207500
20,15611,5,6,1977,1977,1126,1126,2,3,1,6,3,2008,175000
60,11999,8,5,2003,2004,1234,2374,2,4,1,10,5,2007,285000
60,9900,7,5,1968,1968,1098,1978,2,4,1,9,4,2008,176000
20,11838,8,5,2001,2001,1788,1788,2,3,1,7,6,2009,236500
60,13006,7,5,1997,1997,993,2236,2,4,1,8,11,2006,222000
20,8925,8,5,2007,2007,1466,1466,2,3,1,7,7,2009,201000
20,9100,5,6,1965,1965,925,925,1,2,1,5,7,2009,117500
20,11670,9,5,2006,2006,1905,1905,2,3,1,8,3,2007,320000
20,8487,7,5,2004,2004,1500,1500,2,3,1,6,8,2009,190000
20,27650,7,7,1960,2007,2069,2069,2,4,1,9,11,2008,242000
30,5825,4,5,1926,1953,747,747,1,1,1,5,6,2006,79900
20,10083,7,5,2003,2003,1200,1200,2,2,1,5,8,2009,184900
60,9675,7,5,2005,2005,1113,1971,2,3,1,8,2,2009,253000
60,8760,7,5,2006,2006,1391,1962,2,3,1,7,8,2006,239799
70,24090,7,7,1940,1950,1207,2403,2,4,1,10,6,2010,244400
90,12640,6,5,1976,1976,1728,1728,2,4,2,8,7,2006,150900
60,8755,7,5,1999,1999,1022,2060,2,3,1,8,6,2009,214000
90,7711,4,3,1977,1977,1440,1440,2,4,2,8,8,2007,150000
90,25000,5,4,1967,1967,1632,1632,2,4,2,8,6,2007,143000
20,14375,6,6,1958,1958,1344,1344,1,3,1,7,1,2009,137500
50,8820,5,6,1890,1996,1188,1869,1,2,1,7,9,2009,124900
80,8163,5,6,1959,1959,1144,1144,1,3,1,6,3,2006,143000
20,14536,8,5,2002,2003,1629,1629,2,3,1,9,11,2007,270000
60,14006,7,5,2002,2002,936,1776,2,3,1,7,2,2006,192500
20,9360,6,7,1972,2006,1381,1381,1,3,1,5,3,2010,197500
20,7200,5,8,1950,2002,864,864,1,3,1,5,7,2007,129000
20,7800,5,5,1965,1965,965,965,1,3,1,6,7,2006,119900
85,7200,5,8,1972,2003,768,768,1,2,1,5,4,2009,133900
60,11075,5,4,1969,1969,1168,1968,2,4,1,7,9,2008,172000
90,9400,6,5,1975,1975,980,980,2,4,0,4,10,2006,127500
90,7136,6,6,1946,1950,979,1958,2,4,2,8,8,2007,145000
160,1300,6,6,1980,1980,561,1229,1,2,1,5,5,2009,124000
20,7420,5,5,1962,1962,1057,1057,1,3,1,6,4,2007,132000
20,8450,7,5,2003,2003,1337,1337,2,3,1,6,10,2007,185000
160,2572,7,5,1999,1999,696,1416,2,3,1,6,5,2010,155000
20,7207,5,7,1958,2008,858,858,1,2,1,4,2,2010,116500
60,12227,6,7,1977,1995,1542,2872,2,4,1,11,7,2008,272000
160,2308,6,6,1976,1976,804,1548,2,3,1,7,7,2007,155000
20,11923,9,5,2007,2007,1800,1800,2,2,1,7,5,2009,239000
60,11316,7,5,2002,2003,824,1894,2,4,1,8,2,2010,214900
60,10237,6,5,2005,2007,783,1484,2,3,1,8,7,2007,178900
50,9600,5,7,1940,1950,976,1308,1,2,1,7,6,2009,160000
20,7390,5,7,1955,1955,1098,1098,1,3,1,6,7,2008,135000
50,5925,3,6,1910,1950,600,968,1,2,1,6,5,2009,37900
190,10382,6,5,1958,1958,1095,1095,1,2,1,6,3,2006,140000
50,10800,4,4,1949,1950,720,1192,1,4,1,6,12,2006,135000
160,2268,7,5,2003,2004,764,1626,2,2,1,6,7,2009,173000
120,7892,6,5,1979,1979,918,918,2,2,1,5,4,2010,99500
20,11639,7,5,2007,2008,1428,1428,2,3,1,6,12,2008,182000
70,11414,7,8,1910,1993,1136,2019,1,3,1,8,10,2009,167500
160,2651,7,5,2000,2000,673,1382,2,3,1,6,4,2006,165000
30,5900,4,7,1923,1958,869,869,1,2,1,4,8,2006,85500
120,4274,7,5,2006,2007,1241,1241,1,1,1,4,11,2007,199900
20,9450,4,5,1954,1954,894,894,1,3,1,5,5,2007,110000
20,8816,5,6,1963,1963,1121,1121,1,3,1,5,6,2009,139000
85,12122,7,9,1961,2007,999,999,1,3,1,6,7,2008,178400
60,12203,8,5,1998,1999,1276,2612,2,4,1,8,7,2009,336000
20,3182,7,5,2007,2007,1266,1266,2,2,1,6,3,2008,159895
60,11250,8,5,2002,2002,1149,2290,2,4,1,9,5,2008,255900
90,10125,5,5,1977,1977,1302,1734,2,4,2,8,8,2009,126000
190,10880,5,5,1950,1950,1164,1164,1,3,1,5,8,2008,125000
50,5310,6,8,1910,2003,1001,1635,1,2,1,5,6,2006,117000
20,10159,9,5,2009,2010,1940,1940,2,3,1,8,4,2010,395192
60,12046,6,6,1976,1976,1118,2030,2,4,1,8,6,2007,195000
60,8125,7,5,2006,2006,778,1576,2,3,1,6,8,2006,197000
60,9452,8,5,1997,1998,1407,2392,2,3,1,7,6,2006,348000
70,17671,8,9,1882,1986,916,1742,1,4,1,8,11,2009,168000
60,9760,6,8,1964,1993,1020,1851,2,3,1,7,7,2007,187000
60,8846,6,5,2005,2006,750,1500,2,3,1,6,8,2006,173900
20,12456,10,5,2006,2007,1718,1718,2,3,1,7,7,2009,337500
50,4712,4,7,1946,1950,774,1230,1,3,1,5,8,2006,121600
20,10659,5,6,1961,1961,1050,1050,1,3,1,6,1,2006,136500
20,11717,6,6,1970,1970,1442,1442,2,2,1,6,2,2009,185000
30,9786,3,4,1922,1950,1077,1077,1,3,1,6,5,2006,91000
20,6762,7,5,2006,2006,1208,1208,2,2,1,6,2,2010,206000
20,10206,3,3,1952,1952,944,944,1,2,1,4,7,2009,82000
30,5400,5,6,1920,1950,691,691,1,2,1,4,1,2007,86000
20,11957,8,5,2006,2006,1574,1574,2,3,1,7,7,2008,232000
90,11500,5,6,1976,1976,1680,1680,2,4,2,8,6,2007,136905
120,3182,7,5,2005,2006,1504,1504,2,1,1,7,5,2009,181000
80,8385,5,8,1977,1977,985,985,2,3,1,6,11,2008,149900
20,12155,6,3,1970,1970,1657,1657,2,3,1,7,3,2007,163500
160,2217,4,4,1970,1970,546,1092,1,3,1,6,8,2009,88000
20,12118,7,5,2004,2005,1710,1710,2,3,1,7,4,2009,240000
50,6000,5,5,1926,1950,1008,1522,2,4,1,7,6,2006,102000
50,21286,5,5,1948,1950,720,1271,2,4,1,7,8,2008,135000
90,9825,5,5,1965,1965,1664,1664,2,4,2,8,5,2010,100000
70,10592,6,7,1923,1996,900,1502,1,3,1,7,8,2007,165000
30,7200,5,4,1910,2006,1022,1022,1,2,1,4,6,2009,85000
20,11664,6,5,1948,1950,1082,1082,1,2,1,5,11,2007,119200
60,8400,8,6,2001,2001,810,1665,2,3,1,6,11,2009,227000
20,11883,7,5,1996,1996,1504,1504,2,3,1,6,6,2009,203000
120,5814,8,5,1984,1984,1360,1360,1,1,1,4,8,2009,187500
80,10784,7,5,1991,1992,802,1472,2,3,1,7,5,2007,160000
120,3013,7,5,2005,2005,1506,1506,2,2,1,6,4,2006,213490
20,7024,4,5,2005,2005,1132,1132,1,2,1,5,6,2008,176000
20,7406,7,5,2006,2006,1220,1220,2,2,1,6,7,2006,194000
50,9439,5,5,1930,1950,912,1248,1,2,1,6,3,2007,87000
120,3182,7,5,2005,2006,1504,1504,2,2,1,7,5,2008,191000
20,15498,8,6,1976,1976,2898,2898,2,2,1,10,5,2008,287000
20,7700,5,5,1972,1972,882,882,1,3,1,5,3,2007,112500
20,9300,5,5,1960,1960,1264,1264,1,3,1,6,4,2010,167500
20,9520,8,5,2007,2008,1646,1646,2,3,1,7,4,2008,293077
50,9492,5,5,1941,1950,968,1376,1,3,1,6,4,2007,105000
160,1680,6,7,1972,1972,672,1218,1,3,1,7,5,2006,118000
190,7082,5,8,1916,1995,948,1928,2,5,2,10,7,2006,160000
75,15863,7,3,1920,1970,1687,3082,2,5,1,12,8,2009,197000
60,14541,8,7,1993,1993,1352,2520,2,5,1,10,11,2006,310000
20,8125,7,5,2002,2002,1654,1654,2,3,1,6,2,2006,230000
30,6305,5,7,1938,1950,954,954,1,2,1,5,6,2007,119750
20,11500,4,3,1957,1957,845,845,1,3,1,5,1,2009,84000
20,12898,9,5,2007,2008,1620,1620,2,2,1,6,9,2009,315500
60,9240,8,5,2001,2002,1055,2263,2,3,1,7,9,2008,287000
160,1533,4,6,1970,2008,798,1344,1,3,1,6,5,2009,97000
180,1477,4,4,1970,1970,630,630,1,1,1,3,4,2009,80000
20,13125,5,4,1957,2000,1803,1803,2,3,1,8,1,2006,155000
60,9130,6,8,1966,2000,800,1632,1,4,1,7,7,2008,173000
120,5381,6,5,2005,2005,1306,1306,2,1,1,5,8,2009,196000
60,11839,7,5,1990,1990,1532,2329,2,4,1,10,5,2008,262280
20,9600,8,5,1981,1981,2524,2524,2,4,1,9,7,2009,278000
20,13680,3,5,1955,1955,1733,1733,2,4,1,8,6,2009,139600
60,16056,9,5,2005,2006,1992,2868,3,4,1,11,7,2006,556581
20,9245,5,5,1994,1995,990,990,1,3,1,5,2,2008,145000
20,21750,5,4,1960,2006,1771,1771,1,3,1,9,11,2009,115000
20,11100,4,7,1946,2006,930,930,1,2,1,6,4,2010,84900
20,8993,7,5,2007,2007,1302,1302,2,3,1,6,8,2007,176485
20,11175,7,5,2007,2007,1316,1316,2,3,1,6,10,2007,200141
60,9500,6,6,1964,1978,1127,1977,1,4,1,9,6,2007,165000
20,8562,5,6,1957,2002,1526,1526,1,4,1,7,5,2010,144500
60,11367,8,5,2002,2002,1091,1989,2,3,1,7,11,2006,255000
20,11361,6,5,1976,1976,1523,1523,2,3,1,7,5,2008,180000
120,7052,7,5,2005,2005,1364,1364,2,2,1,6,6,2006,185850
60,29959,7,6,1994,1994,979,1850,2,3,1,7,1,2009,248000
60,11308,9,5,2008,2008,1130,2184,2,3,1,10,7,2009,335000
50,11275,6,7,1932,1950,1096,1991,1,3,1,7,3,2007,220000
120,4920,8,5,2001,2001,1338,1338,2,2,1,6,4,2010,213500
30,18000,3,4,1935,1950,894,894,1,2,1,6,8,2008,81000
190,13600,5,5,1900,1950,1422,2337,2,5,2,10,9,2007,90000
30,6000,6,6,1925,1980,1103,1103,1,2,1,5,7,2006,110500
20,11000,5,6,1966,1966,1154,1154,1,3,1,6,11,2009,154000
60,14000,7,5,1996,1997,1306,2260,2,3,1,7,4,2010,328000
60,7837,6,7,1993,1994,799,1571,2,3,1,7,5,2009,178000
60,9760,6,6,1964,1964,798,1611,1,4,1,7,6,2008,167900
160,3964,6,4,1973,1973,1291,2521,2,5,1,10,6,2006,151400
45,9600,5,7,1949,2003,893,893,1,2,1,4,5,2007,135000
20,10152,5,5,1956,1956,1048,1048,1,3,1,6,6,2007,135000
60,11700,6,6,1968,1968,829,1556,1,4,1,8,5,2009,154000
50,7585,5,3,1948,1950,1002,1456,1,4,1,7,8,2006,91500
60,7950,6,6,1977,1977,698,1426,1,3,1,6,7,2009,159500
20,8556,7,5,2006,2006,1240,1240,2,2,1,5,5,2007,194000
70,13125,7,6,1940,1984,960,1740,1,3,1,6,7,2007,219500
50,10800,5,8,1936,1989,1096,1466,2,3,1,7,4,2006,170000
20,15870,5,5,1969,1969,1096,1096,1,3,1,6,3,2006,138800
120,4435,6,5,2004,2004,848,848,1,1,1,3,5,2006,155900
20,8775,5,5,1994,1994,990,990,1,3,1,5,4,2007,126000
20,11040,6,7,1971,2004,1258,1258,2,3,1,5,10,2008,145000
20,7500,5,5,1963,1963,1040,1040,1,3,1,5,6,2010,133000
20,8749,7,5,2002,2002,1459,1459,2,3,1,6,9,2007,192000
20,8800,6,6,1964,1964,1251,1251,1,3,1,6,3,2006,160000
60,13031,6,5,1995,1996,691,1498,2,3,1,6,7,2006,187500
85,9069,6,6,1992,1992,996,996,1,2,1,5,4,2010,147000
160,1974,4,5,1973,1973,546,1092,1,3,1,6,5,2010,83500
60,10574,8,5,2005,2006,1082,1953,2,3,1,9,5,2009,252000
160,2522,7,5,2004,2004,970,1709,2,3,1,7,4,2006,137500
120,3316,8,5,2005,2005,1247,1247,1,1,1,4,4,2006,197000
90,8544,3,4,1950,1950,1040,1040,2,2,2,6,6,2009,92900
160,2160,7,5,1999,2000,624,1252,2,2,1,4,3,2008,160000
50,8400,6,5,1925,1950,1390,1694,2,4,1,7,6,2008,136500
20,9230,5,8,1965,1998,1200,1200,1,1,1,6,10,2006,146000
20,5868,5,7,1956,2000,936,936,1,2,1,4,5,2010,129000
20,9317,6,5,2006,2006,1314,1314,2,3,1,6,3,2007,176432
70,6882,6,7,1914,2006,773,1355,1,3,1,7,3,2007,127000
120,3696,8,5,1986,1986,1088,1088,1,2,1,5,10,2007,170000
50,6000,4,6,1936,1950,757,1324,1,3,1,6,7,2009,128000
20,11880,7,5,1978,1978,1601,1601,2,3,1,7,4,2009,157000
30,8400,2,5,1920,1950,438,438,1,1,1,3,1,2009,60000
20,9758,5,5,1971,1971,950,950,1,3,1,5,7,2007,119500
20,7000,5,7,1960,2002,1134,1134,1,2,1,6,4,2007,135000
20,8910,6,6,1959,1959,1194,1194,1,3,1,6,7,2006,159500
160,2016,5,5,1970,1970,630,1302,2,3,1,6,4,2007,106000
60,12256,8,5,1994,1995,1500,2622,2,3,1,9,4,2010,325000
20,10357,7,5,1990,1991,1442,1442,2,3,1,6,5,2007,179900
60,23257,7,5,2006,2006,887,2021,2,3,1,9,9,2006,274725
60,8063,6,5,2000,2000,948,1690,2,3,1,7,11,2007,181000
20,11362,8,5,2004,2005,1836,1836,2,3,1,7,3,2009,280000
60,8000,6,5,1995,1996,773,1658,2,3,1,8,6,2008,188000
60,10480,7,6,1976,1976,1098,1964,2,4,1,8,9,2008,205000
20,7100,5,7,1957,1957,816,816,1,2,1,5,7,2006,129900
20,8923,5,7,1953,2006,1008,1008,1,2,1,6,5,2007,134500
20,5400,5,7,1954,2000,833,833,1,2,1,4,8,2006,117000
20,12085,8,5,2007,2007,1734,1734,2,3,1,7,11,2007,318000
80,7750,8,5,2002,2002,779,1419,2,3,1,7,3,2009,184100
20,9764,5,7,1967,2003,894,894,1,3,1,5,5,2008,130000
80,13825,5,6,1958,1987,1021,1601,1,3,1,6,12,2008,140000
20,7560,5,5,1959,1959,1040,1040,1,3,1,6,7,2006,133700
30,8263,6,5,1920,1950,1012,1012,1,2,1,6,5,2007,118400
20,10084,7,5,2005,2006,1552,1552,2,3,1,7,7,2006,212900
20,8926,4,3,1956,1956,960,960,1,3,1,5,10,2009,112000
20,9405,5,9,1947,2008,698,698,1,2,1,4,6,2009,118000
80,9125,7,5,1992,1992,812,1482,2,3,1,7,7,2007,163900
20,10434,4,5,1955,1955,1005,1005,1,2,1,5,11,2009,115000
120,3684,7,5,2007,2007,1555,1555,2,2,1,7,6,2009,174000
20,14572,7,5,2004,2004,1530,1530,2,3,1,7,11,2007,259000
60,11796,7,5,2004,2005,847,1959,2,4,1,8,7,2007,215000
90,7200,5,5,1980,1980,936,936,1,2,1,4,8,2007,140000
50,7804,4,3,1928,1950,1328,1981,2,4,1,7,12,2009,135000
20,10712,5,5,1991,1992,974,974,1,3,1,5,9,2007,93500
70,9900,6,4,1880,1950,1178,2210,2,5,1,8,5,2007,117500
60,9828,8,5,1995,1995,1142,2020,2,3,1,8,6,2009,239500
60,8773,6,5,1997,1997,916,1600,2,3,1,7,8,2007,169000
30,6180,6,5,1926,1950,986,986,1,2,1,5,5,2007,102000
50,9600,6,5,1950,1950,1032,1252,1,3,1,6,4,2008,119000
50,6342,5,8,1875,1996,780,1020,1,2,1,6,5,2010,94000
20,9819,6,5,1977,1977,1567,1567,2,2,1,5,5,2009,196000
30,8731,5,5,1920,1950,1167,1167,1,3,1,6,5,2007,144000
20,7350,5,7,1951,1951,952,952,1,2,1,4,6,2008,139000
60,10304,5,7,1976,1976,1088,1868,2,4,1,9,10,2009,197500
60,9965,8,5,2006,2007,1466,2828,3,4,1,11,4,2007,424870
20,9000,5,3,1959,1959,1006,1006,1,3,1,5,7,2008,80000
190,12180,4,4,1941,1950,672,924,1,2,1,5,7,2010,80000
50,6240,5,6,1928,1950,1042,1576,1,3,1,8,8,2006,149000
20,11200,6,5,1985,1985,1298,1298,2,3,1,5,5,2006,180000
70,12000,7,7,1941,1950,860,1564,1,3,1,7,7,2009,174500
50,5700,7,7,1926,1950,572,1111,1,2,1,5,8,2008,116900
70,9000,7,9,1920,1988,832,1482,1,3,1,7,7,2009,143000
20,8280,6,5,1950,1950,932,932,1,2,1,4,11,2007,124000
20,17755,5,4,1959,1959,1466,1466,1,3,1,6,11,2006,149900
20,14115,6,7,1956,2004,1811,1811,1,2,1,6,7,2006,230000
30,5890,6,8,1930,2007,816,816,1,2,1,5,6,2008,120500
60,13700,7,6,1965,1988,902,1820,1,4,1,8,5,2008,201800
20,10768,5,8,1976,2004,1437,1437,2,3,1,6,7,2007,218000
80,9350,5,8,1965,1999,1265,1265,2,3,1,6,10,2008,179900
120,5001,7,5,2007,2008,1314,1314,2,2,1,6,7,2009,230000
20,11932,8,5,2007,2008,1580,1580,2,3,1,7,6,2008,235128
60,9120,6,6,1974,1974,943,1876,2,4,1,8,7,2008,185000
160,2280,6,5,1978,1978,855,1456,2,3,1,7,7,2010,146000
20,14778,6,7,1954,2006,1640,1640,1,3,1,7,11,2008,224000
20,8724,5,5,1968,1968,894,894,1,3,1,5,5,2007,129000
90,12900,4,4,1969,1969,1258,1258,0,0,2,6,1,2008,108959
80,16157,5,7,1978,1978,1432,1432,1,2,1,5,6,2007,194000
20,9541,7,5,2009,2009,1502,1502,2,3,1,7,9,2009,233170
20,10475,8,5,2008,2008,1694,1694,2,3,1,7,2,2010,245350
60,10852,6,5,2000,2000,959,1671,2,3,1,7,2,2006,173000
70,13728,6,7,1935,1986,1236,2108,2,4,1,7,7,2008,235000
60,35760,10,5,1995,1996,1831,3627,3,4,1,10,7,2006,625000
80,9880,6,6,1977,1977,1118,1118,1,3,1,6,7,2008,171000
20,9120,6,6,1958,1958,1261,1261,1,3,1,6,11,2008,163000
160,4017,7,5,2006,2007,625,1250,2,2,1,5,3,2008,171900
50,18030,5,6,1946,1994,1636,3086,3,3,1,12,3,2007,200500
70,16560,6,8,1932,1950,1170,2345,2,4,1,9,7,2006,239000
50,10678,8,5,1992,2000,2129,2872,2,4,1,9,4,2007,285000
20,6951,5,5,1984,1985,923,923,1,3,1,5,10,2008,119500
50,3950,6,8,1926,2004,818,1224,1,3,1,5,12,2009,115000
50,7681,5,6,1921,1950,820,1343,1,3,1,7,7,2009,154900
20,8335,5,5,1954,1954,1124,1124,1,3,1,5,4,2006,93000
60,11170,7,5,1990,1991,1298,2514,2,4,1,8,4,2006,250000
120,5587,8,5,2008,2008,1652,1652,2,2,1,5,11,2008,392500
60,15623,10,5,1996,1996,2411,4476,3,4,1,10,7,2007,745000
30,10800,5,6,1920,1950,1130,1130,1,2,1,5,6,2006,120000
20,35133,5,4,1963,1963,1572,1572,1,3,1,5,5,2007,186700
50,9738,5,7,1924,1950,949,1221,1,4,1,7,3,2006,104900
190,10615,3,5,1900,1970,1014,1699,2,3,2,7,8,2009,95000
20,12461,8,5,1994,1995,1624,1624,2,2,1,5,7,2006,262000
60,8935,7,5,2002,2002,831,1660,2,3,1,7,7,2009,195000
60,7500,7,5,1999,1999,1028,1804,2,3,1,7,6,2010,189000
190,32463,4,4,1961,1975,1622,1622,1,3,1,7,3,2007,168000
160,2645,8,5,1999,2000,764,1441,2,2,1,5,11,2007,174000
50,9600,5,8,1925,1994,842,1472,1,3,1,6,7,2007,125000
120,4500,6,5,1999,1999,1224,1224,2,2,1,5,6,2009,165000
60,9364,6,7,1969,1969,663,1352,1,4,1,7,3,2010,158000
60,8029,6,5,2005,2005,728,1456,2,3,1,8,7,2008,176000
60,14054,7,5,2006,2006,879,1863,2,4,1,9,11,2006,219210
75,8850,7,6,1916,1950,815,1690,1,3,1,7,7,2006,144000
20,9100,7,5,2001,2001,1212,1212,2,3,1,6,6,2009,178000
20,11235,4,5,1963,1979,1382,1382,1,3,1,6,10,2006,148000
20,9353,4,5,1970,1970,864,864,1,3,1,5,7,2006,116050
60,10400,7,5,1998,1998,866,1779,2,3,1,6,3,2009,197900
50,6000,5,8,1925,1997,884,1348,1,3,1,5,5,2009,117000
20,9750,7,5,2000,2001,1630,1630,2,3,1,6,10,2009,213000
20,10140,5,6,1975,1975,1074,1074,1,3,1,6,7,2006,153500
20,14684,7,7,1990,1991,2196,2196,2,3,1,7,6,2009,271900
20,8900,4,4,1966,1966,1056,1056,1,2,1,5,11,2006,107000
20,9135,6,5,2003,2003,1700,1700,2,3,1,7,5,2006,200000
20,7763,5,7,1962,1980,1283,1283,1,3,1,6,10,2008,140000
20,10182,8,5,2006,2006,1660,1660,2,3,1,8,5,2006,290000
60,11218,6,5,1992,1992,1055,1845,2,3,1,8,5,2010,189000
50,12134,8,7,1988,2005,1080,1752,2,4,1,8,6,2010,164000
30,9340,4,6,1941,1950,672,672,1,2,1,4,8,2009,113000
80,10246,4,9,1965,2001,960,960,0,0,1,3,5,2006,145000
85,10205,5,5,1962,1962,999,999,1,3,1,6,5,2006,134500
20,7094,5,5,1966,1966,894,894,1,3,1,5,5,2007,125000
90,8930,6,5,1978,1978,1318,1902,2,4,2,8,4,2010,112000
20,8640,8,5,2009,2009,1314,1314,2,3,1,6,9,2009,229456
50,6240,4,5,1947,1950,672,912,1,2,1,3,7,2006,80500
160,1680,6,5,1971,1971,672,1218,1,3,1,7,4,2006,91500
20,7800,5,5,1964,1964,912,912,1,2,1,5,11,2006,115000
20,8250,5,5,1968,1968,1211,1211,1,3,1,5,8,2008,134000
50,10496,6,6,1949,1950,1168,1846,2,3,1,7,1,2007,143000
20,10680,5,3,1951,1951,2136,2136,2,4,1,7,10,2006,137900
60,15384,7,5,2004,2005,788,1490,2,3,1,8,2,2008,184000
80,10482,6,8,1958,1958,1138,1138,1,3,1,6,6,2007,145000
60,14598,6,5,2007,2007,894,1933,2,4,1,9,1,2008,214000
20,8872,5,8,1965,2008,912,912,1,2,1,5,12,2008,147000
120,8769,9,5,2008,2008,1702,1702,1,1,1,7,10,2008,367294
80,7910,5,5,1960,1960,1507,1507,2,4,1,7,8,2008,127000
90,18890,5,5,1977,1977,1361,2620,2,4,2,12,8,2007,190000
90,7728,5,6,1962,1962,1190,1190,1,3,1,6,5,2006,132500
90,9842,4,5,1962,1962,1224,1224,2,2,2,6,3,2007,101800
20,12160,5,5,1959,1959,1188,1188,1,3,1,6,5,2010,142000
70,8525,5,6,1911,1950,1024,1964,1,4,1,7,11,2008,130000
70,13132,5,5,1914,1950,892,1784,1,4,1,9,7,2006,138887
160,2628,7,5,2003,2003,764,1626,2,2,1,6,6,2010,175500
60,12393,7,5,2004,2005,847,1948,2,4,1,8,9,2006,195000
20,13072,6,5,2005,2005,1141,1141,1,3,1,6,3,2006,142500
20,9037,8,5,2006,2006,1484,1484,2,2,1,6,12,2007,265900
60,8158,7,5,2003,2003,884,1768,2,3,1,8,7,2008,224900
20,9849,7,6,2007,2007,1689,1689,2,3,1,7,6,2007,248328
85,10625,7,6,1974,1974,1173,1173,2,3,1,6,1,2010,170000
20,13891,10,5,2006,2006,2076,2076,2,2,1,7,9,2006,465000
70,11435,8,7,1929,1950,792,1517,1,3,1,7,6,2006,230000
80,12090,6,7,1984,2003,1140,1868,3,3,1,7,1,2007,178000
60,8125,7,5,2005,2006,756,1553,2,3,1,6,3,2006,186500
80,12328,6,5,1976,1976,1034,1034,1,3,1,6,5,2010,169900
75,9600,6,5,1917,1950,1134,2058,1,3,1,8,4,2008,129500
20,7200,5,7,1950,1950,988,988,1,3,1,6,5,2007,119000
20,11160,7,5,1968,1968,2110,2110,2,3,1,8,4,2010,244000
120,3136,7,5,2003,2003,1405,1405,2,2,1,6,3,2006,171750
20,9858,5,6,1968,1968,874,874,1,3,1,5,11,2009,130000
60,17542,7,7,1974,2003,1516,2167,2,3,1,9,7,2007,294000
60,6931,7,5,2003,2004,760,1656,2,3,1,7,7,2008,165400
50,6240,6,6,1931,1950,959,1367,1,3,1,6,11,2007,127500
20,14303,8,5,1994,1994,1987,1987,2,2,1,7,8,2008,301500
30,4060,5,8,1922,1950,864,864,1,2,1,4,7,2009,99900
80,9587,7,5,2005,2005,1166,1166,2,2,1,5,7,2008,190000
20,9750,6,8,1969,1969,1054,1054,1,3,1,6,7,2008,151000
60,24682,6,5,1999,1999,892,1675,2,3,1,7,6,2009,181000
20,9600,5,6,1956,1956,1050,1050,1,2,1,5,6,2009,128900
50,11250,4,5,1957,1989,1104,1788,1,5,1,8,11,2009,161500
70,13515,6,6,1919,1950,1060,1824,1,3,1,8,7,2007,180500
120,4060,6,5,1998,1999,1337,1337,2,2,1,5,8,2008,181000
160,3735,7,5,1999,1999,713,1452,2,3,1,6,3,2006,183900
190,10120,7,4,1910,1950,964,1889,1,4,2,9,1,2007,122000
20,13214,9,5,2008,2009,2018,2018,2,3,1,10,5,2010,378500
50,14100,8,9,1935,1997,1968,3447,3,4,1,11,5,2008,381000
50,11344,5,5,1958,1958,874,1524,1,3,1,7,7,2007,144000
40,23595,7,6,1979,1979,1332,1524,0,0,1,4,4,2010,260000
20,9156,6,7,1968,1968,1489,1489,2,3,1,7,8,2009,185750
20,13526,5,6,1965,1965,935,935,1,3,1,5,11,2006,137000
80,11512,6,7,1959,2006,1357,1357,1,2,1,5,5,2008,177000
50,5362,5,6,1910,2003,661,1250,2,3,1,8,11,2007,139000
90,11345,5,5,1948,1950,928,1920,2,4,2,10,7,2007,137000
60,12936,6,6,1972,1972,735,1395,1,3,1,6,12,2009,162000
80,17871,6,5,1967,1976,1724,1724,1,3,1,7,6,2009,197900
60,9473,8,5,2002,2002,1128,2031,2,3,1,7,3,2008,237000
50,7500,4,4,1920,1950,698,1128,1,2,1,6,4,2010,68400
20,9808,7,5,2002,2002,1573,1573,2,3,1,6,3,2009,227000
20,8049,7,5,1990,1990,1339,1339,2,2,1,6,7,2006,180000
20,8800,5,7,1977,2008,1040,1040,2,3,1,5,9,2009,150500
90,9400,6,5,1971,1971,912,1824,2,4,2,8,4,2010,139000
50,9638,6,7,1919,1990,1699,2447,2,4,1,10,3,2010,169000
50,6000,6,6,1939,1950,825,1412,1,4,1,6,5,2009,132500
20,9790,6,5,1963,1963,1328,1328,1,3,1,6,6,2010,143000
20,36500,5,5,1964,1964,1582,1582,2,4,1,7,6,2006,190000
120,5664,8,5,2000,2000,1659,1659,2,2,1,5,10,2009,278000
60,11065,8,5,2006,2006,1120,1970,2,3,1,8,10,2006,281000
80,14112,5,7,1964,1964,1152,1152,1,3,1,6,4,2010,180500
160,1680,5,7,1972,1972,630,1302,2,3,1,6,2,2009,119500
70,6600,5,4,1892,1965,1378,2372,2,4,2,11,12,2009,107500
60,10140,7,5,1976,1976,832,1664,2,4,1,8,3,2006,162900
20,8172,5,7,1955,1990,864,864,1,2,1,5,4,2006,115000
20,8400,5,5,1968,1968,1052,1052,1,3,1,5,11,2006,138500
20,8700,5,6,1963,1963,1128,1128,2,3,1,6,12,2008,155000
180,3675,6,5,2005,2006,1072,1072,2,2,1,5,6,2006,140000
60,63887,10,5,2008,2008,4692,5642,2,3,1,12,1,2008,160000
20,7500,5,7,1959,1994,1246,1246,1,3,1,6,5,2010,154000
60,10762,7,5,1999,1999,1005,1983,2,3,1,9,5,2009,225000
70,7500,6,7,1942,1950,753,1494,1,3,1,7,11,2009,177500
60,10120,8,5,1994,1994,1203,2526,2,4,1,8,12,2006,290000
20,8688,7,5,2005,2005,1616,1616,2,3,1,7,4,2006,232000
160,3363,7,5,2004,2004,976,1708,2,3,1,7,4,2006,130000
20,13173,9,5,2006,2007,1652,1652,2,2,1,6,11,2009,325000
120,6955,7,5,2005,2006,1368,1368,2,2,1,6,9,2006,202500
20,8072,5,5,1994,1995,990,990,1,3,1,5,5,2009,138000
20,12000,5,7,1948,2005,1122,1122,1,2,1,6,5,2008,147000
20,7153,6,5,1991,1991,1294,1294,2,3,1,6,6,2008,179200
20,17500,7,8,1959,2002,1902,1902,2,3,1,7,5,2010,335000
20,8814,7,5,2005,2007,1274,1274,2,3,1,6,1,2007,203000
60,9572,8,5,1990,1990,1453,2810,2,4,1,9,6,2007,302000
60,14774,9,5,1999,1999,1422,2599,2,4,1,10,5,2010,333168
20,8190,4,6,1954,1954,948,948,1,3,1,5,10,2007,119000
60,11075,6,5,1969,1969,1092,2112,2,4,1,9,6,2008,206900
20,10226,8,5,2008,2008,1630,1630,2,3,1,8,1,2009,295493
120,4230,7,5,2006,2007,1352,1352,2,2,1,5,4,2007,208900
20,14781,8,5,2001,2002,1787,1787,2,3,1,7,8,2006,275000
20,10215,4,5,1954,1954,948,948,1,3,1,5,2,2007,111000
20,8400,6,3,1957,1957,1478,1478,1,3,1,6,6,2009,156500
20,6627,3,6,1949,1950,720,720,1,2,1,4,7,2008,72500
60,10186,7,5,1992,1992,1061,1923,2,3,1,8,6,2010,190000
30,5330,4,7,1940,1950,708,708,1,2,1,5,12,2009,82500
20,9986,8,5,2006,2007,1795,1795,2,2,1,7,2,2007,147000
30,3636,4,4,1922,1950,796,796,1,2,1,5,1,2008,55000
30,4270,3,6,1931,2006,774,774,1,3,1,6,5,2007,79000
20,6600,5,9,1982,2008,816,816,1,3,1,5,10,2008,130500
50,10440,6,7,1920,1950,1584,2792,2,5,1,8,6,2008,256000
60,9084,7,5,1998,1998,955,1632,2,3,1,8,6,2006,176500
20,10000,8,5,2006,2006,1588,1588,2,3,1,7,12,2007,227000
80,10780,5,5,1976,1976,954,954,1,3,1,6,7,2006,132500
20,8877,4,6,1938,1958,816,816,1,2,1,3,5,2009,100000
50,7200,5,6,1938,1995,803,1360,1,2,1,6,7,2006,125500
160,2368,5,6,1970,1970,765,1365,1,3,1,7,5,2009,125000
20,9650,6,5,1977,1977,1334,1334,2,2,1,6,4,2009,167900
90,9246,5,5,1973,1973,1656,1656,2,4,2,8,11,2008,135000
30,4118,4,4,1941,1950,693,693,1,2,1,4,3,2006,52500
60,13450,7,5,2002,2002,920,1861,2,3,1,8,6,2006,200000
20,9560,5,7,1972,1972,864,864,1,3,1,5,6,2006,128500
20,8294,4,5,1971,1971,872,872,1,3,1,5,6,2007,123000
20,13695,6,5,2003,2004,1114,1114,1,3,1,6,7,2008,155000
60,9375,8,5,2002,2002,1284,2169,2,3,1,7,8,2007,228500
50,7558,6,6,1928,1950,1172,1913,1,3,1,9,3,2009,177000
60,11103,7,5,2006,2006,728,1456,2,3,1,8,7,2007,155835
30,6000,4,4,1920,1950,960,960,1,2,1,5,7,2007,108500
20,20781,7,7,1968,2003,2156,2156,2,3,1,9,6,2006,262500
20,15306,8,5,2006,2007,1776,1776,2,3,1,7,5,2007,283463
20,16196,7,5,1998,1998,1494,1494,2,3,1,5,8,2007,215000
70,5250,8,5,1872,1987,938,2358,2,4,1,8,12,2008,122000
90,11643,5,5,1969,1969,1338,2634,2,6,2,12,8,2009,200000
60,9247,6,6,1962,1962,858,1716,1,4,1,8,3,2008,171000
50,6000,6,9,1937,2000,786,1176,1,2,1,4,7,2009,134900
50,14720,8,5,1995,1996,2053,3238,2,4,1,9,3,2010,410000
60,10316,7,5,2000,2000,992,1865,2,3,1,7,6,2008,235000
80,10192,7,6,1968,1992,1222,1920,3,4,1,8,9,2006,170000
20,9477,5,5,1966,1966,892,892,1,3,1,5,10,2008,110000
20,12537,5,6,1971,2008,1078,1078,1,3,1,6,4,2010,149900
160,2117,6,5,2000,2000,769,1573,2,3,1,5,6,2010,177500
20,16737,9,5,2004,2005,1980,1980,2,3,1,8,9,2006,315000
70,9842,5,6,1921,1998,990,2601,3,4,1,8,5,2008,189000
20,16158,7,5,2005,2005,1530,1530,2,3,1,7,6,2009,260000
50,12513,4,4,1920,2007,1281,1738,2,4,1,7,6,2009,104900
60,8499,6,5,2006,2007,616,1412,2,3,1,6,3,2007,156932
160,3180,7,5,2005,2005,520,1200,2,2,1,4,4,2006,144152
60,7500,7,5,2000,2000,814,1674,2,3,1,7,1,2010,216000
60,9179,7,5,1999,1999,882,1790,2,3,1,7,6,2008,193000
160,2665,5,6,1977,1977,925,1475,2,4,1,6,7,2006,127000
120,4435,6,5,2003,2004,848,848,1,1,1,4,6,2009,144000
20,10635,8,5,2003,2003,1668,1668,2,3,1,8,5,2010,232000
50,5400,4,6,1920,1950,840,1374,1,2,1,6,10,2009,105000
80,9600,6,6,1955,1996,1661,1661,1,3,1,8,10,2008,165500
60,9750,7,6,1998,1998,1108,2097,2,3,1,8,6,2006,274300
20,11400,10,5,2001,2002,2633,2633,2,2,1,8,3,2007,466500
60,10625,7,5,2005,2005,1026,1958,2,3,1,9,7,2008,250000
20,10991,8,5,2007,2007,1571,1571,2,3,1,7,12,2007,239000
30,6292,6,5,1930,1950,790,790,1,2,1,4,4,2008,91000
50,10998,5,5,1941,1960,984,1604,2,3,1,6,7,2009,117000
160,1953,6,5,1973,1973,483,987,1,2,1,5,6,2006,83000
80,9735,5,5,2006,2007,754,1394,2,3,1,7,5,2008,167500
30,8212,3,3,1914,1950,864,864,1,2,1,5,6,2010,58500
20,12925,6,7,1970,1970,2117,2117,2,4,1,7,5,2008,237500
70,7200,7,7,1920,1950,998,1762,1,4,1,8,10,2006,157000
30,25339,5,7,1918,2007,1416,1416,2,3,1,7,8,2007,112000
50,9060,6,5,1939,1950,698,1258,1,2,1,6,10,2009,105000
50,5436,4,8,1922,2007,796,1154,1,3,1,7,5,2010,125500
60,16692,7,5,1978,1978,1392,2784,3,5,1,12,7,2006,250000
50,8520,6,7,1916,1950,1664,2526,2,5,1,10,8,2007,136000
20,14892,9,5,2006,2007,1746,1746,2,3,1,7,10,2009,377500
50,6000,6,6,1941,1950,869,1218,1,3,1,6,3,2007,131000
20,9100,7,5,2000,2000,1525,1525,2,3,1,6,9,2006,235000
90,8944,5,5,1967,1967,1584,1584,2,4,2,8,4,2009,124000
85,7838,5,5,1967,1967,900,900,1,3,1,6,12,2006,123000
190,10800,6,7,1905,2000,1221,1912,2,3,2,7,4,2008,163000
120,4045,7,5,2006,2006,1500,1500,2,2,1,6,10,2006,246578
60,12665,8,5,2005,2006,1133,2482,2,4,1,9,2,2007,281213
20,57200,5,5,1948,1950,1687,1687,1,3,1,7,6,2010,160000
70,6120,5,8,1920,2004,939,1513,1,4,1,8,5,2007,137500
50,7200,5,4,1950,1982,1136,1904,1,3,1,7,5,2009,138000
50,6171,6,6,1925,1990,1160,1608,2,3,1,7,10,2009,137450
50,6000,6,7,1929,1950,950,1158,1,3,1,5,7,2008,120000
60,7415,6,5,2004,2004,864,1593,2,3,1,8,4,2008,193000
20,6762,7,5,2006,2006,1294,1294,2,2,1,6,7,2006,193879
20,15256,8,5,2007,2007,1464,1464,2,3,1,6,8,2007,282922
50,10410,3,4,1915,1950,694,1214,1,3,1,6,1,2006,105000
120,3842,8,5,2004,2005,1646,1646,2,2,1,5,1,2008,275000
85,8445,5,7,1972,2007,768,768,1,2,1,5,3,2009,133000
20,8780,5,5,1985,1985,833,833,1,3,1,5,3,2009,112000
70,7740,4,7,1910,1950,741,1363,1,3,1,6,6,2010,125500
60,20544,7,6,1986,1991,1236,2093,2,3,1,7,11,2008,215000
60,12420,7,5,2001,2001,944,1840,2,3,1,6,6,2009,230000
50,9600,6,8,1950,2005,1112,1668,1,3,1,6,9,2009,140000
90,7200,4,5,1949,1950,1040,1040,2,2,2,6,6,2009,90000
20,10994,8,5,2005,2006,1844,1844,2,2,1,7,9,2009,257000
50,13053,6,7,1923,2000,1053,1848,1,4,1,8,6,2008,207000
120,3635,7,5,2007,2007,1569,1569,2,1,1,7,5,2009,175900
190,11340,4,6,1885,1950,1246,2290,2,4,2,11,4,2010,122500
60,16545,8,5,1998,1998,1310,2450,2,3,1,7,5,2009,340000
20,9204,5,5,1963,1963,1144,1144,1,3,1,6,8,2008,124000
20,16381,6,5,1969,1969,1844,1844,2,3,1,7,12,2006,223000
60,11700,6,6,1968,1968,708,1416,2,3,1,7,5,2006,179900
120,4043,6,5,1977,1977,1069,1069,2,2,1,4,7,2010,127500
120,4435,6,5,2003,2003,848,848,1,1,1,3,3,2008,136500
80,19690,6,7,1966,1966,1575,2201,2,4,1,8,8,2006,274970
20,9503,5,5,1958,1983,1344,1344,1,2,1,6,6,2007,144000
20,10721,6,6,1959,1959,1252,1252,1,3,1,7,10,2008,142000
60,10944,7,5,1994,1994,1223,2127,2,3,1,5,8,2008,271000
50,10930,5,6,1945,1950,1048,1558,1,3,1,6,4,2008,140000
30,7200,5,7,1940,1992,804,804,1,2,1,4,2,2010,119000
20,12546,6,7,1981,1981,1440,1440,2,3,1,7,4,2007,182900
60,21930,5,5,2005,2005,734,1838,2,4,1,7,7,2006,192140
120,4928,6,6,1976,1976,958,958,2,2,1,5,10,2009,143750
30,10800,4,6,1927,2007,968,968,2,4,1,5,8,2007,64500
60,10261,6,5,2000,2000,962,1792,2,3,1,8,5,2008,186500
20,17400,5,5,1977,1977,1126,1126,2,3,1,5,5,2006,160000
20,8400,6,9,1962,2005,1537,1537,1,3,1,7,7,2008,174000
20,9000,4,6,1971,1971,864,864,1,3,1,5,5,2007,120500
20,12444,8,5,2008,2008,1932,1932,2,2,1,7,11,2008,394617
20,7407,6,7,1957,1996,1236,1236,1,2,1,6,4,2010,149700
60,11584,7,6,1979,1979,1040,1725,2,3,1,6,11,2007,197000
70,11526,6,7,1922,1994,1423,2555,2,3,1,11,9,2008,191000
120,4426,6,5,2004,2004,848,848,1,1,1,3,5,2008,149300
60,11003,10,5,2008,2008,1026,2007,2,3,1,10,4,2009,310000
30,8854,6,6,1916,1950,952,952,1,2,1,4,5,2009,121000
20,8500,7,5,2004,2004,1422,1422,2,3,1,7,11,2007,179600
85,8400,6,5,1966,1966,913,913,1,3,1,6,5,2007,129000
20,26142,5,7,1962,1962,1188,1188,1,3,1,6,4,2010,157900
60,10000,8,5,1995,1996,1220,2090,2,3,1,8,12,2007,240000
50,11767,4,7,1910,2000,796,1346,1,2,1,6,5,2007,112000
180,1533,5,7,1970,1970,630,630,1,1,1,3,8,2006,92000
90,9000,5,5,1974,1974,896,1792,2,4,2,8,9,2009,136000
20,9262,8,5,2008,2009,1578,1578,2,3,1,7,5,2009,287090
180,3675,5,5,2005,2005,1072,1072,1,2,1,5,5,2006,145000
20,17217,5,5,2006,2006,1140,1140,1,3,1,6,7,2006,84500
20,7500,7,5,2004,2005,1221,1221,2,2,1,6,10,2009,185000
60,7917,6,5,1999,2000,953,1647,2,3,1,7,8,2007,175000
20,13175,6,6,1978,1988,2073,2073,2,3,1,7,2,2010,210000
70,9042,7,9,1941,2006,1188,2340,2,4,1,9,5,2010,266500
20,9717,5,6,1950,1996,1078,1078,1,2,1,5,4,2010,142125
20,9937,5,6,1965,1965,1256,1256,1,3,1,6,6,2008,147500
